citation,name,publisher,cite_type,edition1,edition2,edition3,edition4,edition5,edition6,start_e1,start_e2,start_e3,start_e4,start_e5,start_e6,end_e1,end_e2,end_e3,end_e4,end_e5,end_e6,mlz_jurisdictions,variations,href,notes
Ohio Law. Abs.,Ohio Law Abstracts,,state,Ohio Law. Abs.,,,,,,1922-01-01T00:00:00,,,,,,1964-12-31T00:00:00,,,,,,us:oh;supreme.court,"Ohio Law Abst., Ohio Abs., O.L.A., Ohio L.Abs., Ohio Laws Abs., O.L.Abs., Ohio Law Abs.",,
Ohio Misc.,Ohio Miscellaneous,,state,Ohio Misc.,Ohio Misc. 2d,,,,,1962-01-01T00:00:00,1962-01-01T00:00:00,,,,,,,,,,,us:oh;supreme.court,"O.Misc.2d, Ohio Misc.Dec., O.Misc.",,
Haw. App.,Hawaii Appellate Reports,,state,Haw. App.,,,,,,1980-01-01T00:00:00,,,,,,1994-12-31T00:00:00,,,,,,us:hi;supreme.court,Hawaii App.,,
Ired.,"North Carolina Reports, Iredell's Law",,state,Ired.,,,,,,1840-01-01T00:00:00,,,,,,1852-12-31T00:00:00,,,,,,us:nc;supreme.court,"Ired.L., Ired.L.(N.C.), N.C.(Ired.)",,
Sneed,"Kentucky Reports, Sneed",,state,Sneed,,,,,,1801-01-01T00:00:00,,,,,,1805-12-31T00:00:00,,,,,,us:ky;supreme.court,"Ky.(Sneed), Sneed Dec., Ken.Dec.",,
Sneed,"Tennessee Reports, Sneed",,state,Sneed,,,,,,1853-01-01T00:00:00,,,,,,1858-12-31T00:00:00,,,,,,us:tn;supreme.court,Tenn.(Sneed),,
Minor,Minor's Alabama Reports,,state,Minor,,,,,,1820-01-01T00:00:00,,,,,,1826-01-01T00:00:00,,,,,,us:al;supreme.court,"Minor (Ala.), Min.",,
App. D.C.,"Appeal Cases, District of Columbia",,state,App. D.C.,,,,,,1893-01-01T00:00:00,,,,,,1941-12-31T00:00:00,,,,,,us:dc;court.appeals,,,
Ky.,Kentucky Reports,,state,Ky.,,,,,,1879-01-01T00:00:00,,,,,,1951-12-31T00:00:00,,,,,,us:ky;supreme.court,,,
S.D.,South Dakota Reports,,state,S.D.,,,,,,1890-01-01T00:00:00,,,,,,1976-12-31T00:00:00,,,,,,us:sd;supreme.court,S.Dak.,,
Hill & Den.,Hill and Denio Supplement (Lalor),,state,Hill & Den.,,,,,,1842-01-01T00:00:00,,,,,,1844-12-31T00:00:00,,,,,,us:ny;court.appeals,"Lalor Supp., Hill & Den.Supp., Hill & D.Supp., Lalor",,
A.K. Marsh.,"Kentucky Reports, Marshall, A.K.",,state,A.K. Marsh.,,,,,,1817-01-01T00:00:00,,,,,,1821-12-31T00:00:00,,,,,,us:ky;supreme.court,"Ky.(A.K.Marsh.), Mar., Marsh., Marsh.A.K., Marsh.(Ky.)",,
Day,Day's Connecticut Reports,,state,Day,,,,,,1802-01-01T00:00:00,,,,,,1813-12-31T00:00:00,,,,,,us:ct;supreme.court,Day (Conn),,
LEXIS,LexisNexis Citation,,specialty,LEXIS,,,,,,1750-01-01T00:00:00,,,,,,,,,,,,"us:ak;supreme.court, us:al;supreme.court, us:ar;supreme.court, us:az;supreme.court, us:c10;court.appeals, us:c11;court.appeals, us:c1;court.appeals, us:c2;court.appeals, us:c3;court.appeals, us:c4;court.appeals, us:c5;court.appeals, us:c6;court.appeals, us:c7;court.appeals, us:c8;court.appeals, us:c9;court.appeals, us:ca;supreme.court, us:co;supreme.court, us:ct;supreme.court, us:dc;court.appeals, us:de;supreme.court, us:fl;supreme.court, us:ga;supreme.court, us:hi;supreme.court, us:ia;supreme.court, us:id;supreme.court, us:il;supreme.court, us:in;supreme.court, us:ks;supreme.court, us:ky;supreme.court, us:la;supreme.court, us:ma;appeals.court, us:me;supreme.judicial.court, us:mi;supreme.court, us:mn;supreme.court, us:mo;supreme.court, us:ms;supreme.court, us:mt;supreme.court, us:nc;supreme.court, us:nd;supreme.court, us:ne;supreme.court, us:nh;supreme.court, us:nj;supreme.court, us:nm;supreme.court, us:nv;supreme.court, us:ny;court.appeals, us:oh;supreme.court, us:ok;supreme.court, us:or;supreme.court, us:pa;supreme.court, us:ri;supreme.court, us:sc;supreme.court, us:sd;supreme.court, us:tn;supreme.court, us:tx;supreme.court, us:ut;supreme.court, us:va;supreme.court, us:vt;supreme.court, us:wa;supreme.court, us:wi;supreme.court, us:wv;supreme.court, us:wy;supreme.court",,,
Va.,Virginia Reports,,state,Va.,,,,,,1880-01-01T00:00:00,,,,,,,,,,,,us:va;supreme.court,"Virg., V.",,
Lock. Rev. Cas.,Lockwood's Reversed Cases,,state,Lock. Rev. Cas.,,,,,,1799-01-01T00:00:00,,,,,,1847-12-31T00:00:00,,,,,,us:ny;court.appeals,,,
Alaska,Alaska Reports,,state,Alaska,,,,,,1884-01-01T00:00:00,,,,,,1959-12-31T00:00:00,,,,,,us:ak;supreme.court,Alk.,,
Ill. App.,Illinois Appellate Court Reports,,state,Ill. App. 2d,Ill. App.,Ill. App. 3d,,,,1877-01-01T00:00:00,1877-01-01T00:00:00,1877-01-01T00:00:00,,,,,,,,,,us:il;supreme.court,"Ill. App.3d, Ill.A.3d, Ill.A., Ill. App.2d, Ill.A.2d",,
Ala. App.,Alabama Appellate Courts Reports,,state,Ala. App.,,,,,,1910-01-01T00:00:00,,,,,,1976-12-31T00:00:00,,,,,,us:al;supreme.court,,,
Watts & Serg.,"Pennsylvania State Reports, Watts & Sergeant",,state,Watts & Serg.,,,,,,1841-01-01T00:00:00,,,,,,1845-12-31T00:00:00,,,,,,us:pa;supreme.court,"Watts & S., W.& S.",,
H. & G.,"Maryland Reports, Harris and Gill",,state,H. & G.,,,,,,1826-01-01T00:00:00,,,,,,1829-12-31T00:00:00,,,,,,us:md;court.appeals,,,
Bur.,"Wisconsin Reports, Burnett",,state,Bur.,,,,,,1841-01-01T00:00:00,,,,,,1843-12-31T00:00:00,,,,,,us:wi;supreme.court,"Burnett (Wis.), Burnett",,
Whart.,"Pennsylvania State Reports, Wharton",,state,Whart.,,,,,,1835-01-01T00:00:00,,,,,,1841-12-31T00:00:00,,,,,,us:pa;supreme.court,"Wharton, Wh., Whar., Whart.Pa.",,
Wyo.,Wyoming Reports,,state,Wyo.,,,,,,1870-01-01T00:00:00,,,,,,1959-12-31T00:00:00,,,,,,us:wy;supreme.court,"W., Wy.",,
Howard,"Mississippi Reports, Howard",,state,Howard,,,,,,1834-01-01T00:00:00,,,,,,1843-12-31T00:00:00,,,,,,us:ms;supreme.court,"Miss.(Howard), How.",,
Barb.,Barbour's Supreme Court Reports,,state,Barb.,,,,,,1847-01-01T00:00:00,,,,,,1877-12-31T00:00:00,,,,,,us:ny;court.appeals,"B., Barb.S.C.",,
ND App,"North Dakota Neutral Citation, Court of Appeals",,neutral,ND App,,,,,,1750-01-01T00:00:00,,,,,,,,,,,,us:nd;court.appeals,,,
B.T.A.,Reports of the United States Board of Tax Appeals,,specialty,B.T.A.,,,,,,1924-01-01T00:00:00,,,,,,1942-12-31T00:00:00,,,,,,us:c;tax.court,,,
Mart.,"Louisiana Reports, Martin",,state,Mart.,,,,,,1809-01-01T00:00:00,,,,,,1830-12-31T00:00:00,,,,,,us:la;supreme.court,,,
Mart.,"North Carolina Reports, Martin",,state,Mart.,,,,,,1778-01-01T00:00:00,,,,,,1797-12-31T00:00:00,,,,,,us:nc;supreme.court,"Mart.Dec., Mart.N.C., N.C.(Mart.), Martin",,
Chev. Eq.,"South Carolina Reports, Cheves' Equity",,state,Chev. Eq.,,,,,,1839-01-01T00:00:00,,,,,,1840-12-31T00:00:00,,,,,,us:sc;supreme.court,"Cheves Eq.(S.C.), S.C.Eq.(Chev.Eq.), Chev.Ch.",,
Munf.,"Virginia Reports, Munford",,state,Munf.,,,,,,1810-01-01T00:00:00,,,,,,1820-12-31T00:00:00,,,,,,us:va;supreme.court,,,
Head,"Tennessee Reports, Head",,state,Head,,,,,,1858-01-01T00:00:00,,,,,,1860-12-31T00:00:00,,,,,,us:tn;supreme.court,"Tenn.(Head), Head(Tenn.)",,
Pen. & W.,"Pennsylvania State Reports, Penrose and Watts",,state,Pen. & W.,,,,,,1829-01-01T00:00:00,,,,,,1832-12-31T00:00:00,,,,,,us:pa;supreme.court,"P.& W., P.R., Penr.& W.",,
Hard.,"Kentucky Reports, Hardin",,state,Hard.,,,,,,1805-01-01T00:00:00,,,,,,1808-12-31T00:00:00,,,,,,us:ky;supreme.court,"Ky.(Hard.), Hardin(Ky.), Hardin",,
Hayw.,"North Carolina Reports, Haywood",,state,Hayw.,,,,,,1789-01-01T00:00:00,,,,,,1806-12-31T00:00:00,,,,,,us:nc;supreme.court,"N.C.(Hayw.), Hayw.N.C., Hay.",,
Hayw.,"Tennessee Reports, Haywood",,state,Hayw.,,,,,,1816-01-01T00:00:00,,,,,,1818-12-31T00:00:00,,,,,,us:tn;supreme.court,"Tenn.(Hayw.), Hayw.Tenn., Hayw.(Tenn.)",,
G. & J.,"Maryland Reports, Gill & Johnson",,state,G. & J.,,,,,,1829-01-01T00:00:00,,,,,,1842-12-31T00:00:00,,,,,,us:md;court.appeals,,,
Cal. Rptr.,West's California Reporter,,state,Cal. Rptr. 2d,Cal. Rptr. 3d,Cal. Rptr.,,,,1992-01-01T00:00:00,2003-01-01T00:00:00,1959-01-01T00:00:00,,,,2003-12-31T00:00:00,,1991-12-31T00:00:00,,,,us:ca;supreme.court,"Cal.Rptr.2d, Cal.Rptr. 3d, Cal.Rptr., Cal. Rptr.2d, Cal. Rptr.3d, Cal.Rptr. 2d, Cal.Rptr.3d",,
WY,Wyoming Neutral Citation,,neutral,WY,,,,,,1750-01-01T00:00:00,,,,,,,,,,,,us:wy;supreme.court,,,
P.R.R.,Puerto Rico Reports,,state,P.R.R.,,,,,,1899-01-01T00:00:00,,,,,,1978-12-31T00:00:00,,,,,,us:c1:pr.d;district.court,"P.R., Puerto Rico",,
P.R. Dec.,Decisiones de Puerto Rico,,state,P.R. Dec.,,,,,,1899-01-01T00:00:00,,,,,,,,,,,,us:c1:pr.d;district.court,,,
N.W.,North Western Reporter,,state_regional,N.W.,N.W.2d,,,,,1880-01-01T00:00:00,1942-01-01T00:00:00,,,,,1942-12-31T00:00:00,,,,,,"us:ia;supreme.court, us:mi;supreme.court, us:mn;supreme.court, us:nd;supreme.court, us:ne;supreme.court, us:sd;supreme.court, us:wi;supreme.court","NW 2d, N. W.2d, N.W.2nd, N.W. 2d, N.W. 2nd, N. W., No.West Rep., Northw.Rep., N. W. 2d, NW",,
Greene,"Iowa Reports, Greene",,state,Greene,,,,,,1847-01-01T00:00:00,,,,,,1854-12-31T00:00:00,,,,,,us:ia;supreme.court,Greene G.(Iowa),,
C.M.A.,Decisions of the United States Court of Military Appeals,,specialty,C.M.A.,,,,,,1951-01-01T00:00:00,,,,,,1975-12-31T00:00:00,,,,,,us:c;court.appeals.armed.forces,,,
NY Slip Op,New York Slip Opinion,,state,NY Slip Op,,,,,,1750-01-01T00:00:00,,,,,,,,,,,,us:ny;court.appeals,,,
N. Chip.,"Vermont Reports, Chipman, N.",,state,N. Chip.,,,,,,1789-01-01T00:00:00,,,,,,1791-12-31T00:00:00,,,,,,us:vt;supreme.court,"N.Chip.(Vt.), N.Chipm., Chip.N.",,
N.C. App.,North Carolina Court of Appeals Reports,,state,N.C. App.,,,,,,1968-01-01T00:00:00,,,,,,,,,,,,us:nc;supreme.court,,,
ME,Maine Neutral Citation,,neutral,ME,,,,,,1750-01-01T00:00:00,,,,,,,,,,,,us:me;supreme.judicial.court,,,
Breese,"Illinois Reports, Breese",,state,Breese,,,,,,1819-01-01T00:00:00,,,,,,1831-12-31T00:00:00,,,,,,us:il;supreme.court,Ill.(Breese),,
Hill Eq.,"South Carolina Reports, Hill's Chancery",,state,Hill Eq.,,,,,,1833-01-01T00:00:00,,,,,,1837-12-31T00:00:00,,,,,,us:sc;supreme.court,"Hill Eq.(S.C.), S.C.Eq.(Hill Eq.), Hill Ch., Hill, Hill S.C.",,
Alaska Fed.,Alaska Federal Reports,,state,Alaska Fed.,,,,,,1869-01-01T00:00:00,,,,,,1937-12-31T00:00:00,,,,,,us:ak;supreme.court,"Alaska Fed.Rep., A.F.Rep., Alaska Fed.R.",,
Dall.,Dallas' Supreme Court Reports,,scotus_early,Dall.,,,,,,1790-01-01T00:00:00,,,,,,1880-12-31T00:00:00,,,,,,us;supreme.court,"Dal., Dall.S.C., U.S.(Dall.), Dallas",,
Dall.,"Pennsylvania State Reports, Dallas",,state,Dall.,,,,,,1754-01-01T00:00:00,,,,,,1806-12-31T00:00:00,,,,,,us:pa;supreme.court,"D., Dal., Dallas",,
W. Va.,West Virginia Reports,,state,W. Va.,,,,,,1864-01-01T00:00:00,,,,,,,,,,,,us:wv;supreme.court,"West Va., W.V.",,
Ala.,Alabama Reports,,state,Ala. 2d,Ala.,,,,,1977-01-01T00:00:00,1840-01-01T00:00:00,,,,,,1976-12-31T00:00:00,,,,,us:al;supreme.court,,,
Or.,Oregon Reports,,state,Or.,,,,,,1853-01-01T00:00:00,,,,,,,,,,,,us:or;supreme.court,O.,,
MT,Montana Neutral Citation,,neutral,MT,,,,,,1750-01-01T00:00:00,,,,,,,,,,,,us:mt;supreme.court,,,
Am. St. Rep.,American State Reports,,state,Am. St. Rep.,,,,,,1888-01-01T00:00:00,,,,,,,,,,,,,"Am.S.R., Am.St.R., Am. S. R., Am.St.Rep., Am. St. R.",https://catalog.hathitrust.org/Record/006692328,Abbreviations from Cardiff Index to Legal Abbreviations. Start date from v1 of scanned volume
MS,Mississippi Neutral Citation,,neutral,MS,,,,,,1750-01-01T00:00:00,,,,,,,,,,,,us:ms;supreme.court,,,
Cl. Ct.,United States Claims Court Reporter,,specialty,Cl. Ct.,,,,,,1983-01-01T00:00:00,,,,,,1992-12-31T00:00:00,,,,,,us:c;court.claims,,,
SD,South Dakota Neutral Citation,,neutral,SD,,,,,,1750-01-01T00:00:00,,,,,,,,,,,,us:sd;supreme.court,,,
Sand. Ch.,Sandford's Chancery Reports,,state,Sand. Ch.,,,,,,1843-01-01T00:00:00,,,,,,1847-12-31T00:00:00,,,,,,us:ny;court.appeals,"Sandf.Chy., Sandf.Ch., Sand.Chy., Sandf.Ch.(N.Y.)",,
Bayard's Notebook,Bayard's Notebook,,specialty,Bayard's Notebook,,,,,,1792-01-01T00:00:00,,,,,,1830-12-31T00:00:00,,,,,,us:de;,,,"Dates are rough, but wide, estimated from a series called Delaware Cases, which had these dates. See: http://www.worldcat.org/oclc/2882722"
Conn. Super. Ct.,Connecticut Superior Court Reports,,state,Conn. Super. Ct.,,,,,,1986-01-01T00:00:00,,,,,,1994-12-31T00:00:00,,,,,,us:ct;supreme.court,"Ct. Sup., Conn.Super.Ct., CSCR, Conn. Sup., Conn.Sup., Ct.Sup.",,
Ind.,Indiana Reports,,state,Ind.,,,,,,1848-01-01T00:00:00,,,,,,1981-12-31T00:00:00,,,,,,us:in;supreme.court,Ind.Rep.,,
FL,Florida Neutral Citation,,neutral,FL,,,,,,1750-01-01T00:00:00,,,,,,,,,,,,us:fl;supreme.court,,,
Strob.,"South Carolina Reports, Strobhart",,state,Strob.,,,,,,1846-01-01T00:00:00,,,,,,1850-12-31T00:00:00,,,,,,us:sc;supreme.court,"Strobh.L.(S.C.), S.C.L.(Strob.)",,
Md.,Maryland Reports,,state,Md.,,,,,,1851-01-01T00:00:00,,,,,,,,,,,,us:md;court.appeals,Maryland,,
Md. App.,Maryland Appellate Reports,,state,Md. App.,,,,,,1967-01-01T00:00:00,,,,,,,,,,,,us:md;court.appeals,,,
T.C.M.,Tax Court Memorandum Decisions,,specialty,T.C.M.,,,,,,1942-01-01T00:00:00,,,,,,,,,,,,us:c;tax.court,"T.C.M. (CCH), T.C.M. (P-H), T.C.M. (RIA)",,
Tex.,Texas Reports,,state,Tex.,,,,,,1846-01-01T00:00:00,,,,,,1962-12-31T00:00:00,,,,,,us:tx;supreme.court,Tex.S.Ct.,,
U.S. App. D.C.,United States Court of Appeals Reports,,state,U.S. App. D.C.,,,,,,1941-01-01T00:00:00,,,,,,,,,,,,us:dc;court.appeals,,,
N.J.,New Jersey Reports,,state,N.J.,,,,,,1948-01-01T00:00:00,,,,,,,,,,,,us:nj;supreme.court,,,
Ril. Eq.,"South Carolina Reports, Riley's Chancery",,state,Ril. Eq.,,,,,,1836-01-01T00:00:00,,,,,,1837-12-31T00:00:00,,,,,,us:sc;supreme.court,"S.C.Eq.(Ril.), Riley Ch., Riley, Riley Eq.(S.C.), Ril., Riley Eq.",,
Ark.,Arkansas Reports,,state,Ark.,,,,,,1837-01-01T00:00:00,,,,,,,,,,,,us:ar;supreme.court,Ak.,,
Bail.,"South Carolina Reports, Bailey",,state,Bail.,,,,,,1828-01-01T00:00:00,,,,,,1832-12-31T00:00:00,,,,,,us:sc;supreme.court,"Bailey, S.C.L.(Bail.), Bail.L., Bail.L.(S.C.), Bai.",,
Va. App.,Virginia Court of Appeals Reports,,state,Va. App.,,,,,,1985-01-01T00:00:00,,,,,,,,,,,,us:va;supreme.court,,,
O.S.H. Cas. (BNA),Occupational Safety & Health Cases,,specialty,O.S.H. Cas. (BNA),,,,,,1750-01-01T00:00:00,,,,,,,,,,,,,"O.S.H. Cases (BNA), O.S.H. Cases, O.S.H. Cas.",http://www.bna.com/occupational-safety--p4900/,
N.Y. St. Rep.,New York State Reporter,,state,N.Y. St. Rep.,,,,,,1750-01-01T00:00:00,,,,,,,,,,,,,"St. Rep., N.Y.St.Rep., St.Rep.",,
Envtl. L. Rep. (Envtl. Law Inst.),Environmental Law Reporter,,specialty,Envtl. L. Rep. (Envtl. Law Inst.),,,,,,1971-01-01T00:00:00,,,,,,,,,,,,,"Envtl. L. Rep., Envtl. L.Rep.",http://elr.info/,
Abb. N. Cas.,Abbott's New Cases,,state,Abb. N. Cas.,,,,,,1876-01-01T00:00:00,,,,,,1894-12-31T00:00:00,,,,,,us:ny;court.appeals,"A.N., Abb.N.C., Abb.N. Cas., A.N.C.",,
Wall.,Wallace's Supreme Court Reports,,scotus_early,Wall.,,,,,,1863-01-01T00:00:00,,,,,,1874-12-31T00:00:00,,,,,,us;supreme.court,"U.S.(Wall.), Wall.Rep., Wall.S.C.",,
Pennewill,"Delaware Reports, Pennewill",,state,Pennewill,,,,,,1897-01-01T00:00:00,,,,,,1909-12-31T00:00:00,,,,,,us:de;supreme.court,,,
Del. Cas.,Delaware Cases,,state,Del. Cas.,,,,,,1792-01-01T00:00:00,,,,,,1830-12-31T00:00:00,,,,,,us:de;supreme.court,,,
N.J. Misc.,New Jersey Miscellaneous Reports,,state,N.J. Misc.,,,,,,1923-01-01T00:00:00,,,,,,1949-12-31T00:00:00,,,,,,us:nj;supreme.court,"N.J.M., NJM",,
Utah Adv. Rep.,Utah Advance Reports,Code Co.,state,Utah Adv. Rep.,,,,,,1987-01-01T00:00:00,,,,,,,,,,,,,,http://www.code-co.com/,
F.,Federal Reporter,,federal,F.2d,F.3d,F.,,,,1924-01-01T00:00:00,1993-01-01T00:00:00,1880-01-01T00:00:00,,,,1993-12-31T00:00:00,,1924-12-31T00:00:00,,,,"us:c10;court.appeals, us:c11;court.appeals, us:c1;court.appeals, us:c2;court.appeals, us:c3;court.appeals, us:c4;court.appeals, us:c5;court.appeals, us:c6;court.appeals, us:c7;court.appeals, us:c8;court.appeals, us:c9;court.appeals","Fed.R., Fed.Rep.3d, Fed.Rep.2d, F.2d., F. 2d, F. 3d, Fed.R.2d, Fed.R.3d, Fed.Rep.",,
Conn. App.,Connecticut Appellate Reports,,state,Conn. App.,,,,,,1983-01-01T00:00:00,,,,,,,,,,,,us:ct;supreme.court,,,
B. Mon.,"Kentucky Reports, Monroe, Ben",,state,B. Mon.,,,,,,1840-01-01T00:00:00,,,,,,1857-12-31T00:00:00,,,,,,us:ky;supreme.court,"Mon., Mon.B., Ky.(B.Mon.), Monroe, B.",,
McCahon,"Kansas Reports, McCahon",,state,McCahon,,,,,,1858-01-01T00:00:00,,,,,,1868-12-31T00:00:00,,,,,,us:ks;supreme.court,McCah.,,
Ill. Ct. Cl.,Illinois Court of Claims Reports,,state,Ill. Ct. Cl.,,,,,,1889-01-01T00:00:00,,,,,,,,,,,,us:il;supreme.court,,,
Ariz.,Arizona Reporter,,state,Ariz.,,,,,,1866-01-01T00:00:00,,,,,,,,,,,,us:az;supreme.court,,http://legalsolutions.thomsonreuters.com/law-products/Case-Law/Arizona-Reports/p/100005739,
Overt.,"Tennessee Reports, Overton",,state,Overt.,,,,,,1791-01-01T00:00:00,,,,,,1816-12-31T00:00:00,,,,,,us:tn;supreme.court,Tenn.(Overt.),,
ERC,Environmental Reporter Cases,,specialty,ERC,,,,,,1750-01-01T00:00:00,,,,,,,,,,,,,,http://www.bna.com/environment-reporter-p4885/,Neither Blue Book nor Baby Blue provides guidance on this reporter.
P.R. Sent.,Sentencias del Tribunal Supremo de Puerto Rico,,state,P.R. Sent.,,,,,,1899-01-01T00:00:00,,,,,,1902-12-31T00:00:00,,,,,,us:c1:pr.d;district.court,,,
P.R. Offic. Trans.,Official Translations of the Opinions of the Supreme Court of Puerto Rico,,state,P.R. Offic. Trans.,,,,,,1978-01-01T00:00:00,,,,,,,,,,,,us:c1:pr.d;district.court,,,
L. Ed.,Lawyer's Edition,,federal,L. Ed. 2d,L. Ed.,,,,,1956-01-01T00:00:00,1790-01-01T00:00:00,,,,,,1956-12-31T00:00:00,,,,,us;supreme.court,"L.Ed.2d, U.S.L.Ed., L.E., Law.Ed., L Ed 2d, L.Ed. 2d, L.E.2d, L.Ed.(U.S.), L.Ed., LAW ED, U.S.L.Ed.2d, U.S.Law.Ed., L Ed, L. Ed.2d",,
LA,Louisiana Neutral Citation,,neutral,LA,,,,,,1750-01-01T00:00:00,,,,,,,,,,,,us:la;supreme.court,,,
Cust. B. & Dec.,Customs Bulletin and Decisions,,federal,Cust. B. & Dec.,,,,,,1967-01-01T00:00:00,,,,,,,,,,,,us:c;court.appeals.federal.circuit,,,
H. & McH.,"Maryland Reports, Harris and McHenry",,state,H. & McH.,,,,,,1770-01-01T00:00:00,,,,,,1799-12-31T00:00:00,,,,,,us:md;court.appeals,,,
Doug.,"Michigan Reports, Douglass",,state,Doug.,,,,,,1843-01-01T00:00:00,,,,,,1847-12-31T00:00:00,,,,,,us:mi;supreme.court,"Dougl.(Mich.), Doug.(Mich.)",,
State Rptr.,State Reporter,,state,State Rptr.,,,,,,1945-01-01T00:00:00,,,,,,,,,,,,us:mt;supreme.court,"St. Rep., St.Rep.",,Dates and abbreviation from Indigo Book.
Binn.,"Pennsylvania State Reports, Binney",,state,Binn.,,,,,,1799-01-01T00:00:00,,,,,,1814-12-31T00:00:00,,,,,,us:pa;supreme.court,"Binn.(Pa.), Bin.",,
McGl.,"Louisiana Court of Appeals Reports, McGloin",,state,McGl.,,,,,,1881-01-01T00:00:00,,,,,,1884-12-31T00:00:00,,,,,,us:la;supreme.court,McGloin,,
Rawle,"Pennsylvania State Reports, Rawle",,state,Rawle,,,,,,1828-01-01T00:00:00,,,,,,1835-12-31T00:00:00,,,,,,us:pa;supreme.court,"R., Pa. Rawle, Raw.",,
Hum.,"Tennessee Reports, Humphreys",,state,Hum.,,,,,,1839-01-01T00:00:00,,,,,,1851-12-31T00:00:00,,,,,,us:tn;supreme.court,"Humph., Tenn.(Hum.)",,
Sadler,"Pennsylvania State Reports, Sadler",,state,Sadler,,,,,,1885-01-01T00:00:00,,,,,,1888-12-31T00:00:00,,,,,,us:pa;supreme.court,"Sadl., Sad.Pa.Cas., Pa.Cas., Sadler(Pa.), Sad.Pa.Cs.",,
Denio,Denio's Reports,,state,Denio,,,,,,1845-01-01T00:00:00,,,,,,1848-12-31T00:00:00,,,,,,us:ny;court.appeals,Den.,,
Cal. Unrep.,California Unreported Cases,,state,Cal. Unrep.,,,,,,1855-01-01T00:00:00,,,,,,1910-12-31T00:00:00,,,,,,us:ca;supreme.court,Cal.Unrep.Cas.,,
NMCA,New Mexico Neutral Citation (Court of Appeals),,neutral,NMCA,,,,,,1750-01-01T00:00:00,,,,,,,,,,,,us:nm;court.appeals,,,
Del.,Delaware Reports,,state,Del.,,,,,,1920-01-01T00:00:00,,,,,,1966-12-31T00:00:00,,,,,,us:de;supreme.court,,,
U.S.L.W.,United States Law Week,,specialty,U.S.L.W.,,,,,,1933-01-01T00:00:00,,,,,,,,,,,,us;supreme.court,,,
Okla.,Oklahoma Reports,,state,Okla.,,,,,,1890-01-01T00:00:00,,,,,,1953-12-31T00:00:00,,,,,,us:ok;supreme.court,OKla.,,
Port.,"Alabama Reports, Porter",,state,Port.,,,,,,1834-01-01T00:00:00,,,,,,1839-12-31T00:00:00,,,,,,us:al;supreme.court,"Port.(Ala.), Porter",,
Wilson,Condensed Reports of Decisions in Civil Causes in the Court of Appeals of Texas (Wilson),,state,Wilson,,,,,,1883-01-01T00:00:00,,,,,,1892-12-31T00:00:00,,,,,,us:tx;supreme.court,,,
Johns. Cas.,Johnson's Cases,,state,Johns. Cas.,,,,,,1799-01-01T00:00:00,,,,,,1803-12-31T00:00:00,,,,,,us:ny;court.appeals,Johns.Cas.(N.Y.),,
Wheat.,Wheaton's Supreme Court Reports,,scotus_early,Wheat.,,,,,,1816-01-01T00:00:00,,,,,,1827-12-31T00:00:00,,,,,,us;supreme.court,"U.S.(Wheat.), Wheaton",,
V.I.,Virgin Islands Reports,,state,V.I.,,,,,,1917-01-01T00:00:00,,,,,,,,,,,,us:c3:vi.d;district.court,,,
Misc.,New York Miscellaneous Reports,,state,Misc. 2d,Misc.,Misc. 3d,,,,1955-01-01T00:00:00,1892-01-01T00:00:00,2004-01-01T00:00:00,,,,2004-12-31T00:00:00,1955-12-31T00:00:00,,,,,us:ny;court.appeals,"Misc.3d, Misc 3d, Misc.2d, Misc 2d",,
Aik.,"Vermont Reports, Aikens",,state,Aik.,,,,,,1825-01-01T00:00:00,,,,,,1828-12-31T00:00:00,,,,,,us:vt;supreme.court,,,
So.,Southern Reporter,,state_regional,So. 2d,So. 3d,So.,,,,1941-01-01T00:00:00,2008-01-01T00:00:00,1886-01-01T00:00:00,,,,2008-12-31T00:00:00,,1941-12-31T00:00:00,,,,"us:al;supreme.court, us:fl;supreme.court, us:la;supreme.court, us:ms;supreme.court","So. Rep., So.2d, So.3d, So. Rep. 2d, South.3d, South.2d, So. Rep. 3d, South.",,
Rich.,"South Carolina Reports, Richardson",,state,Rich.,,,,,,1846-01-01T00:00:00,,,,,,1868-12-31T00:00:00,,,,,,us:sc;supreme.court,"Rich.L.(S.C.), Rich.Law(S.C.), S.C.L.(Rich.)",,
Kirby,Kirby's Connecticut Reports,,state,Kirby,,,,,,1785-01-01T00:00:00,,,,,,1789-12-31T00:00:00,,,,,,us:ct;supreme.court,"Kir., Kirb.",,
R.I.,Rhode Island Reports,,state,R.I.,,,,,,1828-01-01T00:00:00,,,,,,1980-12-31T00:00:00,,,,,,us:ri;supreme.court,,,
Ark. App.,Arkansas Appellate Reports,,state,Ark. App.,,,,,,1981-01-01T00:00:00,,,,,,,,,,,,us:ar;supreme.court,Ak. App.,,
Or. Tax,Oregon Tax Reports,,state,Or. Tax,,,,,,1962-01-01T00:00:00,,,,,,,,,,,,us:or;supreme.court,"OTR, OTR-MD",,"Assigning OTR-MD as a variation may be controversial, because it implies that it's not the correct version. I believe this is correct because both the OTR and OTR-MD cases are in the Or. Tax. reporter."
AWCC,Arkansas Neutral Citation (Workers Compensation Commission,,neutral,AWCC,,,,,,1750-01-01T00:00:00,,,,,,,,,,,,,,http://www.awcc.state.ar.us/index.html,"The commission has no rule to use these citations, but the Arksansas reporter generates the citations anyway, and they wind up in Lexis that way."
Grant,"Pennsylvania State Reports, Grant",,state,Grant,,,,,,1814-01-01T00:00:00,,,,,,1863-12-31T00:00:00,,,,,,us:pa;supreme.court,"Gr., Grant Pa., Grant Cas., Grant Cas.(Pa.), Grant (Pa.)",,
McCord,"South Carolina Reports, McCord",,state,McCord,,,,,,1821-01-01T00:00:00,,,,,,1828-12-31T00:00:00,,,,,,us:sc;supreme.court,S.C.L.(McCord),,
Bail. Eq.,"South Carolina Reports, Bailey's Equity",,state,Bail. Eq.,,,,,,1830-01-01T00:00:00,,,,,,1831-12-31T00:00:00,,,,,,us:sc;supreme.court,"Bailey Ch., Bailey Eq., Bail.Eq.(S.C.), Bailey, Bai.Eq., S.C.Eq.(Bail.Eq.)",,
Ridgely's Notebook,Ridgely's Notebook,,specialty,Ridgely's Notebook III,Ridgely's Notebook IV,Ridgely's Notebook,Ridgely's Notebook II,Ridgely's Notebook V,,1792-01-01T00:00:00,1792-01-01T00:00:00,1792-01-01T00:00:00,1792-01-01T00:00:00,1792-01-01T00:00:00,,1830-12-31T00:00:00,1830-12-31T00:00:00,1830-12-31T00:00:00,1830-12-31T00:00:00,1830-12-31T00:00:00,,us:de;,Ridgely's Notebook I,,"Dates are rough, but wide, estimated from a series called Delaware Cases, which had these dates. See: http://www.worldcat.org/oclc/2882722"
Rodney's Notes,Rodney's Notes,,specialty,Rodney's Notes,,,,,,1792-01-01T00:00:00,,,,,,1830-12-31T00:00:00,,,,,,us:de;,,,"Dates are rough, but wide, estimated from a series called Delaware Cases, which had these dates. See: http://www.worldcat.org/oclc/2882722"
Ohio Op.,Ohio Opinions,,state,Ohio Op. 3d,Ohio Op.,Ohio Op. 2d,,,,1934-01-01T00:00:00,1934-01-01T00:00:00,1934-01-01T00:00:00,,,,1982-12-31T00:00:00,1982-12-31T00:00:00,1982-12-31T00:00:00,,,,us:oh;supreme.court,"O.O., Ohio Ops., Ohio Op.3d, Ohio Op.2d",,
Bay,"South Carolina Reports, Bay",,state,Bay,,,,,,1783-01-01T00:00:00,,,,,,1804-12-31T00:00:00,,,,,,us:sc;supreme.court,S.C.L.(Bay),,
Will.,"Massachusetts Reports, Williams",,state,Will.,,,,,,1804-01-01T00:00:00,,,,,,1805-12-31T00:00:00,,,,,,us:ma;appeals.court,"Will.Mass., Mass.(Will.), Williams",,
Harrington,"Delaware Reports, Harrington",,state,Harrington,,,,,,1832-01-01T00:00:00,,,,,,1855-12-31T00:00:00,,,,,,us:de;supreme.court,,,
Pa. Commw.,Pennsylvania Commonwealth Court,,state,Pa. Commw.,,,,,,1970-01-01T00:00:00,,,,,,1994-12-31T00:00:00,,,,,,us:pa;supreme.court,"Pa. Commonwealth Ct., Pa.Commw.Ct., Pa.C.",,
Hay. & Haz.,"District of Columbia Reports, Hayward & Hazelton",,state,Hay. & Haz.,,,,,,1841-01-01T00:00:00,,,,,,1862-12-31T00:00:00,,,,,,us:dc;court.appeals,Hayw.& H.,,
Bradf.,"Iowa Reports, Bradford",,state,Bradf.,,,,,,1838-01-01T00:00:00,,,,,,1841-12-31T00:00:00,,,,,,us:ia;supreme.court,"Bradford, Brad.",,
Mill,"South Carolina Reports, Mill (Constitutional)",,state,Mill,,,,,,1817-01-01T00:00:00,,,,,,1818-12-31T00:00:00,,,,,,us:sc;supreme.court,"Mill Const., Const., S.C.L.(Mill), Mill Const.(S.C.), Const.S.C.",,
Mo. App.,Missouri Appeals Reports,,state,Mo. App.,,,,,,1876-01-01T00:00:00,,,,,,1954-12-31T00:00:00,,,,,,us:mo;supreme.court,Mo.App.Rep.,,
Brev.,"South Carolina Reports, Brevard",,state,Brev.,,,,,,1793-01-01T00:00:00,,,,,,1816-12-31T00:00:00,,,,,,us:sc;supreme.court,S.C.L.(Brev),,
Cranch,Cranch's Supreme Court Reports,,scotus_early,Cranch,,,,,,1801-01-01T00:00:00,,,,,,1815-12-31T00:00:00,,,,,,us;supreme.court,"Cra., U.S.(Cranch), Cranch (US)",,
Cranch,"District of Columbia Reports, Cranch",,state,Cranch,,,,,,1801-01-01T00:00:00,,,,,,1841-12-31T00:00:00,,,,,,us:dc;court.appeals,"Cranch D.C., D.C.(Cranch), Cranch C.C.",,
Nott & McC.,"South Carolina Reports, Nott and McCord",,state,Nott & McC.,,,,,,1817-01-01T00:00:00,,,,,,1820-12-31T00:00:00,,,,,,us:sc;supreme.court,"N.& Mc., S.C.L.(Nott & McC.), Nott & M'C.(S.C.)",,
Pick.,"Massachusetts Reports, Pickering",,state,Pick.,,,,,,1822-01-01T00:00:00,,,,,,1839-12-31T00:00:00,,,,,,us:ma;appeals.court,"Pick.(Mass.), Mass.(Pick.)",,
F. Cas.,Federal Cases,,federal,F. Cas.,,,,,,1789-01-01T00:00:00,,,,,,1880-01-01T00:00:00,,,,,,"us:c10;court.appeals, us:c11;court.appeals, us:c1;court.appeals, us:c2;court.appeals, us:c3;court.appeals, us:c4;court.appeals, us:c5;court.appeals, us:c6;court.appeals, us:c7;court.appeals, us:c8;court.appeals, us:c9;court.appeals","F.Cas., Fed.Ca., F.C.",,
Op. O.L.C.,Opinions of the Office of Legal Counsel of the Department of Justice,,federal,Op. O.L.C.,,,,,,1977-01-01T00:00:00,,,,,,1995-12-31T00:00:00,,,,,,,Op. OLC.,http://law.wisc.libguides.com/c.php?g=125247&p=820190,
Lans. Ch.,Lansing's Chancery Reports,,state,Lans. Ch.,,,,,,1824-01-01T00:00:00,,,,,,1826-12-31T00:00:00,,,,,,us:ny;court.appeals,"L., Lans.",,
Ariz. App.,Arizona Appeals Reports,,state,Ariz. App.,,,,,,1965-01-01T00:00:00,,,,,,1976-12-31T00:00:00,,,,,,us:az;supreme.court,,,
N.J. Tax,New Jersey Tax Court,,state,N.J. Tax,,,,,,1979-01-01T00:00:00,,,,,,,,,,,,us:nj;supreme.court,,,
Duv.,"Kentucky Reports, Duvall",,state,Duv.,,,,,,1863-01-01T00:00:00,,,,,,1866-12-31T00:00:00,,,,,,us:ky;supreme.court,Ky.(Duv.),,
La. App.,Louisiana Court of Appeals Reports,,state,La. App.,,,,,,1924-01-01T00:00:00,,,,,,1932-12-31T00:00:00,,,,,,us:la;supreme.court,La.A.,,
Wend.,Wendell's Reports,,state,Wend.,,,,,,1828-01-01T00:00:00,,,,,,1841-12-31T00:00:00,,,,,,us:ny;court.appeals,"Wendell, W., Wend.(N.Y.)",,
Dud.,"South Carolina Reports, Dudley",,state,Dud.,,,,,,1837-01-01T00:00:00,,,,,,1838-12-31T00:00:00,,,,,,us:sc;supreme.court,"Dud.L.(S.C.), Dudl., Dud.(S.C.), S.C.L.(Dud.), Dud.L.",,
Pa. D.,Pennsylvania District Reports,,state,Pa. D.,,,,,,1892-01-01T00:00:00,,,,,,1921-12-31T00:00:00,,,,,,us:pa;supreme.court,"Pa.Dist., Dist.Rep., Penn.Dist.Rep., Pa.Dist.R.",,
Walker,"Mississippi Reports, Walker",,state,Walker,,,,,,1818-01-01T00:00:00,,,,,,1832-12-31T00:00:00,,,,,,us:ms;supreme.court,"Miss.(Walker), Walk., Walk.Miss.",,
Tenn. App.,Tennessee Appeals Reports,,state,Tenn. App.,,,,,,1925-01-01T00:00:00,,,,,,1971-12-31T00:00:00,,,,,,us:tn;supreme.court,,,
N.Y.,New York Reports,,state,N.Y.2d,N.Y.3d,N.Y.,,,,1956-01-01T00:00:00,2004-01-01T00:00:00,1847-01-01T00:00:00,,,,2004-01-01T00:00:00,,1956-12-31T00:00:00,,,,us:ny;court.appeals,"NY 3d, N.Y. 2d, N. Y., N.Y. 3d, NY 2d",,
A.D.,New York Supreme Court Appellate Division Reports,,state,A.D.3d,A.D.,A.D.2d,,,,2003-01-01T00:00:00,1896-01-01T00:00:00,1955-01-01T00:00:00,,,,,1955-12-31T00:00:00,2004-12-31T00:00:00,,,,us:ny;court.appeals,"N.Y.App.Div., A.D. 2d, AD 3d, AD 2d, A.D. 3d, Ap.2d., App.Div.2d., App.Div.(N.Y.), N.Y.App.Dec., App. Div. 2d., Ap., App. Div., App. Div. 3d., App.Div., App.Div.3d.",,
Car. L. Rep.,Carolina Law Repository,,state,Car. L. Rep.,,,,,,1811-01-01T00:00:00,,,,,,1816-12-31T00:00:00,,,,,,us:nc;supreme.court,"N.C.(Car.L.Rep.), Car.Law.Repos.",,
Edw. Ch.,Edwards' Chancery Reports,,state,Edw. Ch.,,,,,,1831-01-01T00:00:00,,,,,,1850-12-31T00:00:00,,,,,,us:ny;court.appeals,"Edw., Ed.C.R., Edw.Ch.(N.Y.), Ed.Ch.",,
Yeates,"Pennsylvania State Reports, Yeates",,state,Yeates,,,,,,1791-01-01T00:00:00,,,,,,1808-12-31T00:00:00,,,,,,us:pa;supreme.court,"Yea., Y.",,
Sarat. Ch. Sent.,Saratoga Chancery Sentinel,,state,Sarat. Ch. Sent.,,,,,,1841-01-01T00:00:00,,,,,,1847-12-31T00:00:00,,,,,,us:ny;court.appeals,"N.Y.Ch.Sent., Ch.Sent.(N.Y.), Sar.Ch.Sen., Ch.Sent.",,
Fla.,Florida Reports,,state,Fla.,,,,,,1846-01-01T00:00:00,,,,,,1948-12-31T00:00:00,,,,,,us:fl;supreme.court,"Florida, Flor.",,
Neb. Ct. App.,Nebraska Court of Appeals Reports,,state,Neb. Ct. App.,,,,,,1922-01-01T00:00:00,,,,,,,,,,,,us:ne;supreme.court,"Neb. App., Neb.App.R.",,
Dev.,"North Carolina Reports, Devereux's Law",,state,Dev.,,,,,,1826-01-01T00:00:00,,,,,,1834-12-31T00:00:00,,,,,,us:nc;supreme.court,"Dev.L., N.C.(Dev.)",,
Wells' Notebook,Wells' Notebook,,specialty,Wells' Notebook,,,,,,1792-01-01T00:00:00,,,,,,1830-12-31T00:00:00,,,,,,us:de;,,,"Dates are rough, but wide, estimated from a series called Delaware Cases, which had these dates. See: http://www.worldcat.org/oclc/2882722"
Black,Black's Supreme Court Reports,,scotus_early,Black,,,,,,1861-01-01T00:00:00,,,,,,1862-12-31T00:00:00,,,,,,us;supreme.court,"U.S.(Black), Black R.",,
Fla. L. Weekly Supp.,Florida Law Weekly Supplement,,state,Fla. L. Weekly Supp.,,,,,,1992-01-01T00:00:00,,,,,,,,,,,,us:fl;supreme.court,,,
Tread.,"South Carolina Reports, Treadway",,state,Tread.,,,,,,1812-01-01T00:00:00,,,,,,1816-12-31T00:00:00,,,,,,us:sc;supreme.court,S.C.L.(Tread.),,
Pennyp.,"Pennsylvania State Reports, Pennypacker",,state,Pennyp.,,,,,,1881-01-01T00:00:00,,,,,,1884-12-31T00:00:00,,,,,,us:pa;supreme.court,"Penny., Penn., Pennyp.(Pa.)",,
White & W.,Condensed Reports of Decisions in Civil Causes in the Court of Appeals of Texas (White & Wilson),,state,White & W.,,,,,,1876-01-01T00:00:00,,,,,,1883-12-31T00:00:00,,,,,,us:tx;supreme.court,"Tex.Civ.Cas., W.& W., Tex.C.C., Tex.A.Civ., Tex.App., Tex.A.Civ.Cas., Wi.& Will., Tex.Ct.App.Dec.Civ., White & W.(Tex.), White & W.Civ.Cas.Ct.App.",,
N.Y.S.,New York Supplement,,state,N.Y.S.,N.Y.S.2d,N.Y.S.3d,,,,1888-01-01T00:00:00,1938-01-01T00:00:00,1938-01-01T00:00:00,,,,1937-12-31T00:00:00,,,,,,us:ny;court.appeals,"N.Y.S. 2d, N.Y.S. 3d, NYS, New York Supp., NYS 3d, NYS 2d",,
T.B. Mon.,"Kentucky Reports, Monroe, T.B.",,state,T.B. Mon.,,,,,,1824-01-01T00:00:00,,,,,,1828-12-31T00:00:00,,,,,,us:ky;supreme.court,"Mon., T.B.Mon.(Ky.), Mon.T.B., Ky.(T.B.Monroe)",,
Jones Eq.,"North Carolina Reports, Jones' Equity",,state,Jones Eq.,,,,,,1853-01-01T00:00:00,,,,,,1863-12-31T00:00:00,,,,,,us:nc;supreme.court,"Jones, N.C.(Jones Eq.)",,
Ky. L. Rptr.,Kentucky Law Reporter,,state,Ky. L. Rptr.,,,,,,1880-01-01T00:00:00,,,,,,1908-12-31T00:00:00,,,,,,us:ky;supreme.court,"Ky.Law.Rep., Ky.L.R., Ken.L.Re.",,
Read's Notebook,Read's Notebook,,specialty,Read's Notebook,,,,,,1792-01-01T00:00:00,,,,,,1830-12-31T00:00:00,,,,,,us:de;,,,"Dates are rough, but wide, estimated from a series called Delaware Cases, which had these dates. See: http://www.worldcat.org/oclc/2882722"
Trade Cas. (CCH),Trade Cases,,specialty,Trade Cas. (CCH),,,,,,1914-01-01T00:00:00,,,,,,,,,,,,,"Trade Cas., Trade Cases",http://w3.nexis.com/sources/scripts/info.pl?168025,
Ky. App.,Kentucky Appellate Reporter,,state,Ky. App.,,,,,,1994-01-01T00:00:00,,,,,,2000-12-31T00:00:00,,,,,,us:ky;supreme.court,,,
F. Supp.,Federal Supplement,,federal,F. Supp. 3d,F. Supp. 2d,F. Supp.,,,,2014-03-04T00:00:00,1988-01-01T00:00:00,1932-01-01T00:00:00,,,,,2014-08-21T00:00:00,1988-12-31T00:00:00,,,,"us:c0:dc.d;district.court, us:c10:co.d;district.court, us:c10:ks.d;district.court, us:c10:nm.d;district.court, us:c10:ok.ed;district.court, us:c10:ok.nd;district.court, us:c10:ok.wd;district.court, us:c10:ut.d;district.court, us:c10:wy.d;district.court, us:c11:al.md;district.court, us:c11:al.nd;district.court, us:c11:al.sd;district.court, us:c11:fl.md;district.court, us:c11:fl.nd;district.court, us:c11:fl.sd;district.court, us:c11:ga.md;district.court, us:c11:ga.nd;district.court, us:c11:ga.sd;district.court, us:c1:ma.d;district.court, us:c1:me.d;district.court, us:c1:nh.d;district.court, us:c1:pr.d;district.court, us:c1:ri.d;district.court, us:c2:ct.d;district.court, us:c2:ny.ed;district.court, us:c2:ny.nd;district.court, us:c2:ny.sd;district.court, us:c2:ny.wd;district.court, us:c2:vt.d;district.court, us:c3:de.d;district.court, us:c3:nj.d;district.court, us:c3:pa.d;district.court, us:c3:pa.ed;district.court, us:c3:pa.md;district.court, us:c3:pa.wd;district.court, us:c3:vi.d;district.court, us:c4:md.d;district.court, us:c4:nc.ed;district.court, us:c4:nc.md;district.court, us:c4:nc.wd;district.court, us:c4:sc.d;district.court, us:c4:sc.ed;district.court, us:c4:sc.wd;district.court, us:c4:va.ed;district.court, us:c4:va.wd;district.court, us:c4:wv.nd;district.court, us:c4:wv.sd;district.court, us:c5:la.ed;district.court, us:c5:la.md;district.court, us:c5:la.wd;district.court, us:c5:ms.nd;district.court, us:c5:ms.sd;district.court, us:c5:pz.d;district.court, us:c5:tx.ed;district.court, us:c5:tx.nd;district.court, us:c5:tx.sd;district.court, us:c5:tx.wd;district.court, us:c6:ky.ed;district.court, us:c6:ky.wd;district.court, us:c6:mi.ed;district.court, us:c6:mi.wd;district.court, us:c6:oh.d;district.court, us:c6:oh.nd;district.court, us:c6:oh.sd;district.court, us:c6:tn.d;district.court, us:c6:tn.ed;district.court, us:c6:tn.md;district.court, us:c6:tn.wd;district.court, us:c7:il.cd;district.court, us:c7:il.d;district.court, us:c7:il.ed;district.court, us:c7:il.nd;district.court, us:c7:il.sd;district.court, us:c7:in.d;district.court, us:c7:in.nd;district.court, us:c7:in.sd;district.court, us:c7:wi.ed;district.court, us:c7:wi.wd;district.court, us:c8:ar.ed;district.court, us:c8:ar.wd;district.court, us:c8:ia.nd;district.court, us:c8:ia.sd;district.court, us:c8:mn.d;district.court, us:c8:mo.cd;district.court, us:c8:mo.ed;district.court, us:c8:mo.sd;district.court, us:c8:mo.wd;district.court, us:c8:nd.d;district.court, us:c8:ne.d;district.court, us:c8:sd.d;district.court, us:c9:ak.d;district.court, us:c9:az.d;district.court, us:c9:ca.cd;district.court, us:c9:ca.d;district.court, us:c9:ca.ed;district.court, us:c9:ca.nd;district.court, us:c9:ca.sd;district.court, us:c9:gu.d;district.court, us:c9:hi.d;district.court, us:c9:id.d;district.court, us:c9:mp.d;district.court, us:c9:mt.d;district.court, us:c9:nv.d;district.court, us:c9:or.d;district.court, us:c9:wa.ed;district.court, us:c9:wa.wd;district.court","F.Supp.2d, F.Supp.3d, F.Supp., F.Supp. 2d, F. Supp.2d, F.Supp. 3d",,
Vt.,Vermont Reports,,state,Vt.,,,,,,1826-01-01T00:00:00,,,,,,,,,,,,us:vt;supreme.court,"V.R., Verm.",,
J.J. Marsh.,"Kentucky Reports, Marshall, J.J.",,state,J.J. Marsh.,,,,,,1829-01-01T00:00:00,,,,,,1832-12-31T00:00:00,,,,,,us:ky;supreme.court,"J.J.Marsh.(Ky.), J.J.Mar., Marsh.J.J., Ky.(J.J.Marsh.), Marsh., Marsh.(Ky.)",,
Swan,"Tennessee Reports, Swan",,state,Swan,,,,,,1851-01-01T00:00:00,,,,,,1853-12-31T00:00:00,,,,,,us:tn;supreme.court,Tenn.(Swan),,
Johns.,Johnson's Reports,,state,Johns.,,,,,,1806-01-01T00:00:00,,,,,,1823-12-31T00:00:00,,,,,,us:ny;court.appeals,"Johns.Ct.Err., Johns.Rep., Johnson, Johns.N.Y., J., John.",,
Gunby,"Louisiana Court of Appeals Reports, Gunby",,state,Gunby,,,,,,1885-01-01T00:00:00,,,,,,1885-12-31T00:00:00,,,,,,us:la;supreme.court,Gunby (La.),,
Colo. App.,Colorado Court of Appeals Reports,,state,Colo. App.,,,,,,1891-01-01T00:00:00,,,,,,1980-01-01T00:00:00,,,,,,,Colo.App.,,"There were three distinct times this reporter was published, 1891-1905, 1912-1915, and 1970-1980. So, during a span of 110 years, ito was published for only 27 years. This is confirmed by a Colorado Law Librarian and the Indigo Book. Since there just weren't that many volumes in each series, the volume numbering is consecutive and there are no series numbers."
Dev. & Bat. Eq.,"North Carolina Reports, Devereux & Battle's Equity",,state,Dev. & Bat. Eq.,,,,,,1834-01-01T00:00:00,,,,,,1839-12-31T00:00:00,,,,,,us:nc;supreme.court,"N.C.(Dev.& Bat.Eq.), Dev.& B.Eq., Dev.& B., D.& B.",,
Phil. Law,"North Carolina Reports, Philips' Law",,state,Phil. Law,,,,,,1866-01-01T00:00:00,,,,,,1868-12-31T00:00:00,,,,,,us:nc;supreme.court,"Phill.L.(N.C.), Phil., Phillips, Phill., Phil.N.C., N.C.(Phil.Law)",,
S.C.,South Carolina Reports,,state,S.C.,,,,,,1868-01-01T00:00:00,,,,,,,,,,,,us:sc;supreme.court,"S.Car., S.C.R., So.Car., So.C., South Car.",,
Ct. Cust.,Court of Customs Appeals Reports,,specialty,Ct. Cust.,,,,,,1910-01-01T00:00:00,,,,,,1929-12-31T00:00:00,,,,,,us:c;court.customs.appeals,"Cust. Ct., Cust.Ct.",,
Ct. Int'l Trade,Court of International Trade Reports,,federal,Ct. Int'l Trade,,,,,,1980-01-01T00:00:00,,,,,,,,,,,,us:c;court.international.trade,Ct.Int'l Trade,,
Haw.,Hawaii Reports,,state,Haw.,,,,,,1847-01-01T00:00:00,,,,,,,,,,,,us:hi;supreme.court,"Hawaii Rep., H., Hawaii",,
Ohio App. Unrep.,Unreported Ohio Appellate Cases (Anderson),,state,Ohio App. Unrep.,,,,,,1990-01-01T00:00:00,,,,,,1990-12-31T00:00:00,,,,,,us:oh;supreme.court,,,
Tyl.,"Vermont Reports, Tyler",,state,Tyl.,,,,,,1800-01-01T00:00:00,,,,,,1803-12-31T00:00:00,,,,,,us:vt;supreme.court,Tyler,,
Phil. Eq.,"North Carolina Reports, Philips' Equity",,state,Phil. Eq.,,,,,,1866-01-01T00:00:00,,,,,,1868-12-31T00:00:00,,,,,,us:nc;supreme.court,"Phillips, N.C.(Phil.Eq.), Phill., Phil., Phil.Eq.(N.C.)",,
Tex. Civ. App.,Texas Civil Appeals Reports,,state,Tex. Civ. App.,,,,,,1892-01-01T00:00:00,,,,,,1911-12-31T00:00:00,,,,,,us:tx;supreme.court,Tex.Civ.App.,,
Wis.,Wisconsin Reports,,state,Wis. 2d,Wis.,,,,,1853-01-01T00:00:00,1853-01-01T00:00:00,,,,,,,,,,,us:wi;supreme.court,"W., W.R., Wis.2d, W.2d",,
Busb. Eq.,"North Carolina Reports, Busbee's Equity",,state,Busb. Eq.,,,,,,1852-01-01T00:00:00,,,,,,1853-12-31T00:00:00,,,,,,us:nc;supreme.court,"N.C.(Busb.Eq.), Busbee Eq.(N.C.)",,
Call,"Virginia Reports, Call",,state,Call,,,,,,1779-01-01T00:00:00,,,,,,1825-12-31T00:00:00,,,,,,us:va;supreme.court,"Call (Va.), Va.(Call)",,
Harp.,"South Carolina Reports, Harper",,state,Harp.,,,,,,1823-01-01T00:00:00,,,,,,1831-12-31T00:00:00,,,,,,us:sc;supreme.court,"Harper, Harp.L., S.C.L.(Harp.), Harp.L.(S.C.)",,
Ohio Cir. Dec.,Ohio Circuit Decisions,,state,Ohio Cir. Dec.,,,,,,1885-01-01T00:00:00,,,,,,1901-12-31T00:00:00,,,,,,us:oh;supreme.court,"Oh.Cir.Dec., Ohio C.Dec., O.C.D., Ohio C.D.",,
Idaho,Idaho Reports,,state,Idaho,,,,,,1982-01-01T00:00:00,,,,,,,,,,,,us:id;supreme.court,Ida.,,
Tex. Crim.,Texas Criminal Reports,,state,Tex. Crim.,,,,,,1891-01-01T00:00:00,,,,,,1962-12-31T00:00:00,,,,,,us:tx;supreme.court,"Tex.Crim.Rep., Tex.Cr.App., Tex.Crim., Tex.Cr.R.",,
Rice,"South Carolina Reports, Rice",,state,Rice,,,,,,1838-01-01T00:00:00,,,,,,1839-12-31T00:00:00,,,,,,us:sc;supreme.court,"S.C.L.(Rice), Rice L.(S.C.)",,
Abb. Pr.,Abbott's Practice Reports,,state,Abb. Pr.,,,,,,1854-01-01T00:00:00,,,,,,1875-12-31T00:00:00,,,,,,us:ny;court.appeals,"Abbott Pract.Cas., Abbott Pr.Rep., Abb.Pr.Rep., Abb.Prac., Abbott's Prac.Rep., Abbott's Pr.Rep., Abbott P.R., Abb.P.R.",,
Ril.,"South Carolina Reports, Riley",,state,Ril.,,,,,,1836-01-01T00:00:00,,,,,,1837-12-31T00:00:00,,,,,,us:sc;supreme.court,"Riley L.(S.C.), S.C.L.(Riley), Riley",,
Jones,"North Carolina Reports, Jones' Law",,state,Jones,,,,,,1853-01-01T00:00:00,,,,,,1862-12-31T00:00:00,,,,,,us:nc;supreme.court,"N.C.(Jones), Jones L., Jones N.C.",,
Hughes,"Kentucky Reports, Hughes",,state,Hughes,,,,,,1785-01-01T00:00:00,,,,,,1801-12-31T00:00:00,,,,,,us:ky;supreme.court,"Ky.(Hughes), Hugh.",,
Dud. Eq.,"South Carolina Reports, Dudley's Equity",,state,Dud. Eq.,,,,,,1837-01-01T00:00:00,,,,,,1838-12-31T00:00:00,,,,,,us:sc;supreme.court,"Dudl., Dud.Eq.(S.C.), S.C.Eq.(Dud.Eq.), Dud.Ch.",,
N. Mar. I.,Northern Mariana Islands Reporter,,state,N. Mar. I.,,,,,,1989-01-01T00:00:00,,,,,,,,,,,,us:c9:mp.d;district.court,,,
Cold.,"Tennessee Reports, Coldwell",,state,Cold.,,,,,,1860-01-01T00:00:00,,,,,,1870-12-31T00:00:00,,,,,,us:tn;supreme.court,"Col., Tenn.(Cold.), Coldw.",,
Mass. Supp.,Massachusetts Reports Supplement,,state,Mass. Supp.,,,,,,1980-01-01T00:00:00,,,,,,1983-12-31T00:00:00,,,,,,us:ma;appeals.court,,,
Cal.,California Reports,,state,Cal. 3d,Cal. 4th,Cal. 2d,Cal.,,,1969-01-01T00:00:00,1991-01-01T00:00:00,1934-01-01T00:00:00,1850-01-01T00:00:00,,,1991-12-31T00:00:00,,1969-12-31T00:00:00,1934-12-31T00:00:00,,,us:ca;supreme.court,"Cal.4th, Cal.3d, Cal.2d",,
S. & M.,"Mississippi Reports, Smedes and Marshall",,state,S. & M.,,,,,,1843-01-01T00:00:00,,,,,,1850-12-31T00:00:00,,,,,,us:ms;supreme.court,"Smed.& M., Smedes & M.(Miss.), Sm.& M., Miss.(S.& M.), S.& Mar.",,
Pa.,Pennsylvania State Reports,,state,Pa.,,,,,,1845-01-01T00:00:00,,,,,,,,,,,,us:pa;supreme.court,"Pa.St., Pa.State, Pa.Rep., Penn.Rep., P.S.R., Penn.St.R., Penn.St., Penn.",,
Mur.,"North Carolina Reports, Murphey",,state,Mur.,,,,,,1804-01-01T00:00:00,,,,,,1819-12-31T00:00:00,,,,,,us:nc;supreme.court,"N.C.(Mur.), Murph., Murph.(N.C.)",,
N.J. Eq.,New Jersey Equity Reports,,state,N.J. Eq.,,,,,,1830-01-01T00:00:00,,,,,,1948-12-31T00:00:00,,,,,,us:nj;supreme.court,,,
Strob. Eq.,"South Carolina Reports, Strobhart's Equity",,state,Strob. Eq.,,,,,,1846-01-01T00:00:00,,,,,,1850-12-31T00:00:00,,,,,,us:sc;supreme.court,"Strob.Eq.(S.C.), S.C.Eq.(Strob.Eq.)",,
N.J. Super.,New Jersey Superior Court Reports,,state,N.J. Super.,,,,,,1948-01-01T00:00:00,,,,,,,,,,,,us:nj;supreme.court,N.J.S.,,
Del. Ch.,Delaware Chancery Reports,,state,Del. Ch.,,,,,,1814-01-01T00:00:00,,,,,,1968-12-31T00:00:00,,,,,,us:de;supreme.court,Del.Ch.,,
N.J. Admin.,New Jersey Administrative Reports,,state,N.J. Admin.,N.J. Admin. 2d,,,,,1982-01-01T00:00:00,1982-01-01T00:00:00,,,,,,,,,,,us:nj;supreme.court,,,
WL,West Law Citation,,specialty_west,WL,,,,,,1750-01-01T00:00:00,,,,,,,,,,,,"us:ak;supreme.court, us:al;supreme.court, us:ar;supreme.court, us:az;supreme.court, us:c10;court.appeals, us:c11;court.appeals, us:c1;court.appeals, us:c2;court.appeals, us:c3;court.appeals, us:c4;court.appeals, us:c5;court.appeals, us:c6;court.appeals, us:c7;court.appeals, us:c8;court.appeals, us:c9;court.appeals, us:ca;supreme.court, us:co;supreme.court, us:ct;supreme.court, us:dc;court.appeals, us:de;supreme.court, us:fl;supreme.court, us:ga;supreme.court, us:hi;supreme.court, us:ia;supreme.court, us:id;supreme.court, us:il;supreme.court, us:in;supreme.court, us:ks;supreme.court, us:ky;supreme.court, us:la;supreme.court, us:ma;appeals.court, us:me;supreme.judicial.court, us:mi;supreme.court, us:mn;supreme.court, us:mo;supreme.court, us:ms;supreme.court, us:mt;supreme.court, us:nc;supreme.court, us:nd;supreme.court, us:ne;supreme.court, us:nh;supreme.court, us:nj;supreme.court, us:nm;supreme.court, us:nv;supreme.court, us:ny;court.appeals, us:oh;supreme.court, us:ok;supreme.court, us:or;supreme.court, us:pa;supreme.court, us:ri;supreme.court, us:sc;supreme.court, us:sd;supreme.court, us:tn;supreme.court, us:tx;supreme.court, us:ut;supreme.court, us:va;supreme.court, us:vt;supreme.court, us:wa;supreme.court, us:wi;supreme.court, us:wv;supreme.court, us:wy;supreme.court",,,
WI,Wisconsin Neutral Citation,,neutral,WI,,,,,,1750-01-01T00:00:00,,,,,,,,,,,,us:wi;supreme.court,,,
Ariz. Adv. Rep.,Arizona Advance Reports,Code Co.,state,Ariz. Adv. Rep.,,,,,,1987-01-01T00:00:00,,,,,,,,,,,,,,http://www.code-co.com/,Appears to be a very small publisher. Only publishes this and Utah Advance Reports. Date confirmed via phone call.
Hill,Hill's New York Reports,,state,Hill,,,,,,1841-01-01T00:00:00,,,,,,1844-12-31T00:00:00,,,,,,us:ny;court.appeals,"H., Hill.N.Y.",,
Hill,"South Carolina Reports, Hill",,state,Hill,,,,,,1833-01-01T00:00:00,,,,,,1837-12-31T00:00:00,,,,,,us:sc;supreme.court,"S.C.L.(Hill), Hill Law, Hill S.C.",,
Blume Unrep. Op.,"Blume, Unreported Opinions",,state,Blume Unrep. Op.,,,,,,1836-01-01T00:00:00,,,,,,1843-12-31T00:00:00,,,,,,us:mi;supreme.court,Blume Op.,,
Va. Cas.,"Virginia Cases, Criminal",,state,Va. Cas.,,,,,,1789-01-01T00:00:00,,,,,,1826-12-31T00:00:00,,,,,,us:va;supreme.court,,,
U.S. App. LEXIS,LexisNexis U.S. Appeals Citation,,specialty_lexis,U.S. App. LEXIS,,,,,,1750-01-01T00:00:00,,,,,,,,,,,,"us:c10;court.appeals, us:c11;court.appeals, us:c1;court.appeals, us:c2;court.appeals, us:c3;court.appeals, us:c4;court.appeals, us:c5;court.appeals, us:c6;court.appeals, us:c7;court.appeals, us:c8;court.appeals, us:c9;court.appeals",,,
Ohio B.,Ohio Bar Reports,,state,Ohio B.,,,,,,1982-01-01T00:00:00,,,,,,1987-12-31T00:00:00,,,,,,us:oh;supreme.court,,,
Cl. Ch.,Clarke's Chancery Reports,,state,Cl. Ch.,,,,,,1839-01-01T00:00:00,,,,,,1841-12-31T00:00:00,,,,,,us:ny;court.appeals,"Cl.R., Clarke, Clarke Ch., Clarke Ch.(N.Y.)",,
I.T.R.D. (BNA),International Trade Reporter Decisions,,specialty,I.T.R.D. (BNA),,,,,,1980-01-01T00:00:00,,,,,,,,,,,,"us:c;court.appeals.federal.circuit, us:c;court.international.trade",,,
Mart. & Yer.,"Tennessee Reports, Martin & Yerger",,state,Mart. & Yer.,,,,,,1825-01-01T00:00:00,,,,,,1828-12-31T00:00:00,,,,,,us:tn;supreme.court,"Mart.& Y., M.& Y.R., Mart.& Yerg., M.& Y., Mart.& Y.(Tenn.)",,
Ohio N.P.,Ohio Nisi Prius Reports,,state,Ohio N.P.,Ohio N.P. (n.s.),,,,,1894-01-01T00:00:00,1894-01-01T00:00:00,,,,,1934-12-31T00:00:00,1934-12-31T00:00:00,,,,,us:oh;supreme.court,"O.N.P.N.S., Oh.N.P., O.N.P., Oh.N.P.(N.S)., Ohio N.P.N.S.",,
Tenn. Crim. App.,Tennessee Criminal Appeals Reports,,state,Tenn. Crim. App.,,,,,,1967-01-01T00:00:00,,,,,,1971-12-31T00:00:00,,,,,,us:tn;supreme.court,,,
WI App,Wisconsin Neutral Citation,,neutral,WI App,,,,,,1750-01-01T00:00:00,,,,,,,,,,,,us:wi;court.appeals,,,
Ind. App.,Indiana Court of Appeals Reports,,state,Ind. App.,,,,,,1890-01-01T00:00:00,,,,,,1979-12-31T00:00:00,,,,,,us:in;supreme.court,,,
Ky. Op.,Kentucky Opinions,,state,Ky. Op.,,,,,,1864-01-01T00:00:00,,,,,,1886-12-31T00:00:00,,,,,,us:ky;supreme.court,Ken.Opin.,,
Cai. Cas.,Caines' Cases,,state,Cai. Cas.,,,,,,1796-01-01T00:00:00,,,,,,1805-12-31T00:00:00,,,,,,us:ny;court.appeals,"Caines, Cai.Cas.Err., N.Y.Cas.Err., Caines Cas., Caines (N.Y.), Cai., Cain.",,
Navajo Rptr.,Navajo Reporter,,federal,Navajo Rptr.,,,,,,1969-01-01T00:00:00,,,,,,,,,,,,us:navajo;supreme.court,,,
La. Ann.,Louisiana Annual Reports,,state,La. Ann.,,,,,,1846-01-01T00:00:00,,,,,,1900-12-31T00:00:00,,,,,,us:la;supreme.court,,,
Rand.,"Virginia Reports, Randolph",,state,Rand.,,,,,,1821-01-01T00:00:00,,,,,,1828-12-31T00:00:00,,,,,,us:va;supreme.court,Va.(Rand.),,
Fla. Supp.,Florida Supplement,,state,Fla. Supp. 2d,Fla. Supp.,,,,,1983-01-01T00:00:00,1948-01-01T00:00:00,,,,,1992-12-31T00:00:00,1981-12-31T00:00:00,,,,,us:fl;supreme.court,Fl.S.,,
Cole. & Cai. Cas.,Coleman & Caines' Cases,,state,Cole. & Cai. Cas.,,,,,,1794-01-01T00:00:00,,,,,,1805-12-31T00:00:00,,,,,,us:ny;court.appeals,"Col.& C.Cas., C.& C., Col.& Cai., Col.& Caines Cas.(N.Y.), Cole.& C.Cas., Colem.& C.Cas., Cole.& Cai.",,
Blackf.,"Indiana Reports, Blackford",,state,Blackf.,,,,,,1817-01-01T00:00:00,,,,,,1847-12-31T00:00:00,,,,,,us:in;supreme.court,"Blackf.(Ind.), Black.",,
Ohio C.C. Dec.,Ohio Circuit Court Decisions,,state,Ohio C.C. Dec.,,,,,,1901-01-01T00:00:00,,,,,,1923-12-31T00:00:00,,,,,,us:oh;supreme.court,"Ohio Cir.Ct., O.C.C.",,
Conn. Supp.,Connecticut Supplement,,state,Conn. Supp.,,,,,,1935-01-01T00:00:00,,,,,,,,,,,,us:ct;supreme.court,,,
Nev.,Nevada Reports,,state,Nev.,,,,,,1865-01-01T00:00:00,,,,,,,,,,,,us:nv;supreme.court,,,
MacArth.,"District of Columbia Reports, MacArthur",,state,MacArth.,,,,,,1873-01-01T00:00:00,,,,,,1879-12-31T00:00:00,,,,,,us:dc;court.appeals,"D.C.(MacArth.), MacArthur, MacAr.",,
Pa. Super.,Pennsylvania Superior Court Reports,,state,Pa. Super.,,,,,,1895-01-01T00:00:00,,,,,,,,,,,,us:pa;supreme.court,"PA Super, Pa.Super.Ct., Pa. Superior Ct., Pa.S.",,
Mo.,Missouri Reports,,state,Mo.,,,,,,1821-01-01T00:00:00,,,,,,1956-12-31T00:00:00,,,,,,us:mo;supreme.court,,,
How. Pr.,Howard's Practice Reports,,state,How. Pr.,,,,,,1844-01-01T00:00:00,,,,,,1886-12-31T00:00:00,,,,,,us:ny;court.appeals,"How.Prac.(N.Y.), N.Y.Spec.Term Rep., N.Y.Spec.Term R., How.P.R.",,
Allen,"Massachusetts Reports, Allen",,state,Allen,,,,,,1861-01-01T00:00:00,,,,,,1867-12-31T00:00:00,,,,,,us:ma;appeals.court,"All., Mass.(Allen)",,
Vet. App.,Veterans Appeals Reporter,,specialty,Vet. App.,,,,,,1990-01-01T00:00:00,,,,,,,,,,,,us:c;board.veterans.appeals,Vet.App.,,
Chev.,"South Carolina Reports, Cheves",,state,Chev.,,,,,,1839-01-01T00:00:00,,,,,,1840-12-31T00:00:00,,,,,,us:sc;supreme.court,"Cheves L.(S.C.), S.C.L.(Chev.), Cheves",,
Mass. App. Dec.,Massachusetts Appellate Decisions,,state,Mass. App. Dec.,,,,,,1941-01-01T00:00:00,,,,,,1977-12-31T00:00:00,,,,,,us:ma;appeals.court,,,
Okla. Crim.,Oklahoma Criminal Reports,,state,Okla. Crim.,,,,,,1908-01-01T00:00:00,,,,,,1953-12-31T00:00:00,,,,,,us:ok;supreme.court,"Okla., Okl.Cr., Okla. Cr., Okla.Cr., O.Cr.",,
Scam.,"Illinois Reports, Scammon",,state,Scam.,,,,,,1832-01-01T00:00:00,,,,,,1843-12-31T00:00:00,,,,,,us:il;supreme.court,"Sc., Ill.(Scam.)",,
Ark. App'x,Arkansas Appendix,,state,Ark. App'x,,,,,,1750-01-01T00:00:00,,,,,,,,,,,,us:ar;supreme.court,Ark. Appx.,,
Yer.,"Tennessee Reports, Yerger",,state,Yer.,,,,,,1828-01-01T00:00:00,,,,,,1837-12-31T00:00:00,,,,,,us:tn;supreme.court,"Yerg.(Tenn.), Tenn.(Yer.), Yerg.",,
Rich. Cas.,"South Carolina Reports, Richardson's Cases",,state,Rich. Cas.,,,,,,1831-01-01T00:00:00,,,,,,1832-12-31T00:00:00,,,,,,us:sc;supreme.court,Rich.Cas.(S.C.),,
Wash. Terr.,Washington Territory Reports,,state,Wash. Terr.,,,,,,1854-01-01T00:00:00,,,,,,1888-12-31T00:00:00,,,,,,us:wa;supreme.court,"Wash.Ter., Wash.Ty., Wash.Ter.N.S., Wn. Terr., Wash., W.T., Allen, W.Ty.R., Wash.T.",,
Kan.,Kansas Reports,,state,Kan.,,,,,,1862-01-01T00:00:00,,,,,,,,,,,,us:ks;supreme.court,Kans.,,
Ired. Eq.,"North Carolina Reports, Iredell's Equity",,state,Ired. Eq.,,,,,,1840-01-01T00:00:00,,,,,,1852-12-31T00:00:00,,,,,,us:nc;supreme.court,"Ired., N.C.(Ired.Eq.), Ired.Eq.(N.C.)",,
Iowa,Iowa Reports,,state,Iowa,,,,,,1855-01-01T00:00:00,,,,,,1968-12-31T00:00:00,,,,,,us:ia;supreme.court,,,
Cow.,Cowen's Reports,,state,Cow.,,,,,,1823-01-01T00:00:00,,,,,,1829-12-31T00:00:00,,,,,,us:ny;court.appeals,"Cow.N.Y., C.",,
N.H.,New Hampshire Reports,,state,N.H.,,,,,,1816-01-01T00:00:00,,,,,,,,,,,,us:nh;supreme.court,N.H.R.,,
Mont.,Montana Reports,,state,Mont.,,,,,,1868-01-01T00:00:00,,,,,,,,,,,,us:mt;supreme.court,Mont,,
Tex. Sup. Ct. J.,Texas Supreme Court Journal,,state,Tex. Sup. Ct. J.,,,,,,1957-01-01T00:00:00,,,,,,,,,,,,us:tx;supreme.court,,,
Fla. L. Weekly,Florida Law Weekly,,state,Fla. L. Weekly,,,,,,1978-01-01T00:00:00,,,,,,,,,,,,us:fl;supreme.court,,,
McMul. Eq.,"South Carolina Reports, McMullen's Equity",,state,McMul. Eq.,,,,,,1840-01-01T00:00:00,,,,,,1842-12-31T00:00:00,,,,,,us:sc;supreme.court,"McMul.Eq.(S.C.), S.C.L.(McMullan Eq.)",,
PA,Pennsylvania Neutral Citation,,neutral,PA,,,,,,1750-01-01T00:00:00,,,,,,,,,,,,us:pa;supreme.court,,,
Peck,"Tennessee Reports, Peck",,state,Peck,,,,,,1821-01-01T00:00:00,,,,,,1824-12-31T00:00:00,,,,,,us:tn;supreme.court,"Peck (Tenn.), Tenn.(Peck)",,
Met.,"Kentucky Reports, Metcalf",,state,Met.,,,,,,1858-01-01T00:00:00,,,,,,1863-12-31T00:00:00,,,,,,us:ky;supreme.court,"Ky.(Met.), Metc., Metc.Ky.",,
Met.,"Massachusetts Reports, Metcalf",,state,Met.,,,,,,1840-01-01T00:00:00,,,,,,1847-12-31T00:00:00,,,,,,us:ma;appeals.court,"Mass.(Met.), Metc.Mass., Metc.",,
L.R.R.M. (BNA),Labor Relations Reference Manual,,specialty,L.R.R.M. (BNA),,,,,,1937-01-01T00:00:00,,,,,,,,,,,,,L.R.R.M.,,
U.S.,United States Supreme Court Reports,,federal,U.S.,,,,,,1875-01-01T00:00:00,,,,,,,,,,,,us;supreme.court,"US, U.S.S.C.Rep., U. S., Otto, USSCR",,"Otto was the first 'anonymous' SCOTUS reporter. In theory, he shouldn't ever have citations under his name. Nevertheless, he does, so we simply consider these citations to be variations of U.S."
Cai. R.,Caines' Reports,,state,Cai. R.,,,,,,1803-01-01T00:00:00,,,,,,1805-12-31T00:00:00,,,,,,us:ny;court.appeals,Cai.R.,,
Ohio C.C.,Ohio Circuit Court Reports,,state,Ohio C.C. (n.s.),Ohio C.C.,,,,,1901-01-01T00:00:00,1885-01-01T00:00:00,,,,,1922-12-31T00:00:00,1901-12-31T00:00:00,,,,,us:oh;supreme.court,"Ohio Cir.Ct., Oh.Cir.Ct., Ohio C.C.N.S., Ohio Cir.Ct.(N.S.), Ohio Cr.Ct.R., Ohio Cir.Ct.R.N.S., Ohio C.C.R.N.S., Ohio C.C.R., O.C.C.N.S., Oh.Cir.Ct.N.S.",,
Serg. & Rawle,"Pennsylvania State Reports, Sergeant and Rawle",,state,Serg. & Rawle,,,,,,1814-01-01T00:00:00,,,,,,1828-12-31T00:00:00,,,,,,us:pa;supreme.court,"Serg.& R., Serg.& Raw., Serg.& Rawl.",,
P.,Pacific Reporter,,state_regional,P.2d,P.3d,P.,,,,1931-01-01T00:00:00,2000-01-01T00:00:00,1883-01-01T00:00:00,,,,2000-12-31T00:00:00,,1931-12-31T00:00:00,,,,"us:ak;supreme.court, us:az;supreme.court, us:ca;supreme.court, us:co;supreme.court, us:hi;supreme.court, us:id;supreme.court, us:ks;supreme.court, us:mt;supreme.court, us:nm;supreme.court, us:nv;supreme.court, us:ok;supreme.court, us:or;supreme.court, us:ut;supreme.court, us:wa;supreme.court, us:wy;supreme.court","P 2d, P 3d, Pacific, Pac.R., P, P.R., Pac.Rep., P. 2d, P. 3d, Pac. 2d, Pac., Pac.2d",,
Dana,"Kentucky Reports, Dana",,state,Dana,,,,,,1833-01-01T00:00:00,,,,,,1840-12-31T00:00:00,,,,,,us:ky;supreme.court,"Ky.(Dana), Dan.",,
Barb. Ch.,Barbour's Chancery Reports,,state,Barb. Ch.,,,,,,1845-01-01T00:00:00,,,,,,1848-12-31T00:00:00,,,,,,us:ny;court.appeals,Barb.Ch.(N.Y.),,
Ky. L. Summ.,Kentucky Law Summary,,state,Ky. L. Summ.,,,,,,1966-01-01T00:00:00,,,,,,,,,,,,us:ky;supreme.court,,,
Dev. Eq.,"North Carolina Reports, Devereux's Equity",,state,Dev. Eq.,,,,,,1826-01-01T00:00:00,,,,,,1834-12-31T00:00:00,,,,,,us:nc;supreme.court,"N.C.(Dev.Eq.), Dev.",,
Ohio St.,Ohio State Reports,,state,Ohio St. 3d,Ohio St.,Ohio St. 2d,,,,1991-01-01T00:00:00,1840-01-01T00:00:00,1965-01-01T00:00:00,,,,,1964-12-31T00:00:00,1991-12-31T00:00:00,,,,us:oh;supreme.court,"O.S., Ohio St.3d, Ohio St.2d, O.S.2d, Oh.St., O.S.3d",,
Rob.,"Louisiana Reports, Robinson",,state,Rob.,,,,,,1841-01-01T00:00:00,,,,,,1846-12-31T00:00:00,,,,,,us:la;supreme.court,"Rob.La., Robinson",,
Rob.,"Virginia Reports, Robinson",,state,Rob.,,,,,,1842-01-01T00:00:00,,,,,,1844-12-31T00:00:00,,,,,,us:va;supreme.court,"Va.(Rob.), Robinson, Rob.Va.",,
Brayt.,"Vermont Reports, Brayton",,state,Brayt.,,,,,,1815-01-01T00:00:00,,,,,,1819-12-31T00:00:00,,,,,,us:vt;supreme.court,Brayton (Vt.),,
Rich. Eq.,"South Carolina Reports, Richardson's Equity",,state,Rich. Eq.,,,,,,1844-01-01T00:00:00,,,,,,1868-12-31T00:00:00,,,,,,us:sc;supreme.court,"Rich.Eq.Ch., S.C.Eq.(Rich.Eq.)",,
Cal. App.,California Appellate Reports,,state,Cal. App. 4th,Cal. App. 3d,Cal. App.,Cal. App. 2d,,,1991-01-01T00:00:00,1969-01-01T00:00:00,1905-01-01T00:00:00,1934-01-01T00:00:00,,,,1991-12-31T00:00:00,1934-12-31T00:00:00,1969-12-31T00:00:00,,,us:ca;supreme.court,"Cal.App.3d, Cal. App.2d, Cal. App.3d, Cal. App.4th, Cal.App.4th, Cal.App., Cal.App. 4th, Cal.App. 2d, Cal.App. 3d, Cal.App.2d",,
Clayton's Notebook,Clayton's Notebook,,specialty,Clayton's Notebook,,,,,,1792-01-01T00:00:00,,,,,,1830-12-31T00:00:00,,,,,,us:de;,,,"Dates are rough, but wide, estimated from a series called Delaware Cases, which had these dates. See: http://www.worldcat.org/oclc/2882722"
COA,Colorado Court of Appeals Neutral Citation,,neutral,COA,,,,,,1750-01-01T00:00:00,,,,,,,,,,,,us:co;court.appeals,,,
Heisk.,"Tennessee Reports, Heiskell",,state,Heisk.,,,,,,1870-01-01T00:00:00,,,,,,1879-12-31T00:00:00,,,,,,us:tn;supreme.court,"Heisk.(Tenn.), Tenn.(Heisk.)",,
Blume Sup. Ct. Trans.,"Blume, Supreme Court Transactions",,state,Blume Sup. Ct. Trans.,,,,,,1805-01-01T00:00:00,,,,,,1836-12-31T00:00:00,,,,,,us:mi;supreme.court,Blume Sup.Ct.Trans.,,
Ct. Cl.,Court of Claims Reports,,specialty,Ct. Cl.,,,,,,1863-01-01T00:00:00,,,,,,1982-12-31T00:00:00,,,,,,us:c;court.claims,"Court Cl., Ct.Cl.",,
Colo. Law.,Colorado Lawyer,,state,Colo. Law.,,,,,,1750-01-01T00:00:00,,,,,,,,,,,,us:co;supreme.court,Colorado Law.,,
U.C.C. Rep. Serv. (West),Uniform Commercial Code Reporting Service,,specialty,U.C.C. Rep. Serv. (West),U.C.C. Rep. Serv. 2d (West),,,,,1750-01-01T00:00:00,1986-01-01T00:00:00,,,,,1986-12-31T00:00:00,,,,,,,"U.C.C. Rep.Serv.2d (Callaghan), UCC Rep. Serv.2d, UCC Rep.Serv. (Callaghan), U.C.C. Rep.Serv.2d (West), UCC Rep.Serv.2d, U.C.C. Rep.Serv.2d, U.C.C. Rep.Serv. (West), UCC Rep.Serv. (West), UCC Rep.Serv.2d (Callaghan), UCC Rep.Serv.2d (West), UCC Rep. Serv. 2d, UCC Rep. Serv.2d (West), U.C.C. Rep.Serv. (Callaghan), U.C.C. Rep. Serv. 2d, UCC Rep.Serv., U.C.C. Rep. Serv.2d (West), UCC Rep. Serv.2d (Callaghan), U.C.C. Rep. Serv., UCC Rep. Serv., U.C.C. Rep. Serv.2d, U.C.C. Rep.Serv., U.C.C. Rep. Serv.2d (Callaghan)",http://legalsolutions.thomsonreuters.com/law-products/Reporters/Uniform-Commercial-Code-Reporting-Service-2d/p/100027471,"The Blue Book itself gets this one wrong, stating in Table T15 that the second series does not use 2d. We have the correct citation style here."
Indian Terr.,Indian Territory Reports,,state,Indian Terr.,,,,,,1896-01-01T00:00:00,,,,,,1907-12-31T00:00:00,,,,,,us:ok;supreme.court,,,
Cole. Cas.,Coleman's Cases,,state,Cole. Cas.,,,,,,1791-01-01T00:00:00,,,,,,1800-12-31T00:00:00,,,,,,us:ny;court.appeals,"C.C., Cole.Cas.Pr., Col.Cas., Colem.Cas., Col.Cas.(N.Y.)",,
S. Ct.,West's Supreme Court Reporter,,federal,S. Ct.,,,,,,1882-01-01T00:00:00,,,,,,,,,,,,us;supreme.court,"S Ct, Sup.Ct.Rep., Supr.Ct.Rep., Sup.Ct., S.C., S.Ct.",,
Yates Sel. Cas.,Yates' Select Cases,,state,Yates Sel. Cas.,,,,,,1809-01-01T00:00:00,,,,,,1809-12-31T00:00:00,,,,,,us:ny;court.appeals,"Yates Sel.Cas.(N.Y.), Yates",,
Tay.,"North Carolina Reports, Taylor",,state,Tay.,,,,,,1798-01-01T00:00:00,,,,,,1802-12-31T00:00:00,,,,,,us:nc;supreme.court,"N.C.(Tay.), Taylor, Tayl.N.C., Tay.J.L., Tay.N.C.",,
CO,Colorado Neutral Citation,,neutral,CO,,,,,,1750-01-01T00:00:00,,,,,,,,,,,,us:co;supreme.court,,,
Conn.,Connecticut Reports,,state,Conn.,,,,,,1814-01-01T00:00:00,,,,,,,,,,,,us:ct;supreme.court,,,
N.C.,North Carolina Reports,,state,N.C.,,,,,,1868-01-01T00:00:00,,,,,,,,,,,,us:nc;supreme.court,,,
Pelt.,"Peltier's Opinions, Parish at Orleans",,state,Pelt.,,,,,,1917-01-01T00:00:00,,,,,,1924-12-31T00:00:00,,,,,,us:la;supreme.court,,,
Boyce,"Delaware Reports, Boyce",,state,Boyce,,,,,,1909-01-01T00:00:00,,,,,,1920-12-31T00:00:00,,,,,,us:de;supreme.court,Del.(Boyce),,
Cam. & Nor.,"North Carolina Reports, Conference by Cameron & Norwood",,state,Cam. & Nor.,,,,,,1800-01-01T00:00:00,,,,,,1804-12-31T00:00:00,,,,,,us:nc;supreme.court,"N.C.Conf.Rep., N.C.Conf., N.C.(Cam.& Nor.), Cam.& N.",,
Monag.,"Pennsylvania State Reports, Monaghan",,state,Monag.,,,,,,1888-01-01T00:00:00,,,,,,1890-12-31T00:00:00,,,,,,us:pa;supreme.court,"Mon., Mona., Monaghan, Monaghan(Pa.)",,
Tenn.,Tennessee Reports,,state,Tenn.,,,,,,1870-01-01T00:00:00,,,,,,1971-12-31T00:00:00,,,,,,us:tn;supreme.court,Ten.,,
H. & J.,"Maryland Reports, Harris and Johnson",,state,H. & J.,,,,,,1800-01-01T00:00:00,,,,,,1826-12-31T00:00:00,,,,,,us:md;court.appeals,,,
Fed. R. Serv.,Federal Rules Service,,specialty,Fed. R. Serv.,Fed. R. Serv. 2d,Fed. R. Serv. 3d,,,,1938-01-01T00:00:00,1938-01-01T00:00:00,1938-01-01T00:00:00,,,,,,,,,,"us:c0:dc.d;district.court, us:c0;court.appeals, us:c10:co.d;district.court, us:c10:ks.d;district.court, us:c10:nm.d;district.court, us:c10:ok.ed;district.court, us:c10:ok.nd;district.court, us:c10:ok.wd;district.court, us:c10:ut.d;district.court, us:c10:wy.d;district.court, us:c10;court.appeals, us:c11:al.md;district.court, us:c11:al.nd;district.court, us:c11:al.sd;district.court, us:c11:fl.md;district.court, us:c11:fl.nd;district.court, us:c11:fl.sd;district.court, us:c11:ga.md;district.court, us:c11:ga.nd;district.court, us:c11:ga.sd;district.court, us:c11;court.appeals, us:c1:ma.d;district.court, us:c1:me.d;district.court, us:c1:nh.d;district.court, us:c1:pr.d;district.court, us:c1:ri.d;district.court, us:c1;court.appeals, us:c2:ct.d;district.court, us:c2:ny.ed;district.court, us:c2:ny.nd;district.court, us:c2:ny.sd;district.court, us:c2:ny.wd;district.court, us:c2:vt.d;district.court, us:c2;court.appeals, us:c3:de.d;district.court, us:c3:nj.d;district.court, us:c3:pa.d;district.court, us:c3:pa.ed;district.court, us:c3:pa.md;district.court, us:c3:pa.wd;district.court, us:c3:vi.d;district.court, us:c3;court.appeals, us:c4:md.d;district.court, us:c4:nc.ed;district.court, us:c4:nc.md;district.court, us:c4:nc.wd;district.court, us:c4:sc.d;district.court, us:c4:sc.ed;district.court, us:c4:sc.wd;district.court, us:c4:va.ed;district.court, us:c4:va.wd;district.court, us:c4:wv.nd;district.court, us:c4:wv.sd;district.court, us:c4;court.appeals, us:c5:la.ed;district.court, us:c5:la.md;district.court, us:c5:la.wd;district.court, us:c5:ms.nd;district.court, us:c5:ms.sd;district.court, us:c5:pz.d;district.court, us:c5:tx.ed;district.court, us:c5:tx.nd;district.court, us:c5:tx.sd;district.court, us:c5:tx.wd;district.court, us:c5;court.appeals, us:c6:ky.ed;district.court, us:c6:ky.wd;district.court, us:c6:mi.ed;district.court, us:c6:mi.wd;district.court, us:c6:oh.d;district.court, us:c6:oh.nd;district.court, us:c6:oh.sd;district.court, us:c6:tn.d;district.court, us:c6:tn.ed;district.court, us:c6:tn.md;district.court, us:c6:tn.wd;district.court, us:c6;court.appeals, us:c7:il.cd;district.court, us:c7:il.d;district.court, us:c7:il.ed;district.court, us:c7:il.nd;district.court, us:c7:il.sd;district.court, us:c7:in.d;district.court, us:c7:in.nd;district.court, us:c7:in.sd;district.court, us:c7:wi.ed;district.court, us:c7:wi.wd;district.court, us:c7;court.appeals, us:c8:ar.ed;district.court, us:c8:ar.wd;district.court, us:c8:ia.nd;district.court, us:c8:ia.sd;district.court, us:c8:mn.d;district.court, us:c8:mo.cd;district.court, us:c8:mo.ed;district.court, us:c8:mo.sd;district.court, us:c8:mo.wd;district.court, us:c8:nd.d;district.court, us:c8:ne.d;district.court, us:c8:sd.d;district.court, us:c8;court.appeals, us:c9:ak.d;district.court, us:c9:az.d;district.court, us:c9:ca.cd;district.court, us:c9:ca.d;district.court, us:c9:ca.ed;district.court, us:c9:ca.nd;district.court, us:c9:ca.sd;district.court, us:c9:gu.d;district.court, us:c9:hi.d;district.court, us:c9:id.d;district.court, us:c9:mp.d;district.court, us:c9:mt.d;district.court, us:c9:nv.d;district.court, us:c9:or.d;district.court, us:c9:wa.ed;district.court, us:c9:wa.wd;district.court, us:c9;court.appeals, us:dc;court.appeals","Fed.R.Serv., Fed. R. Serv. (Callaghan), Fed.R.Serv. (Callaghan), Fed.R.Serv.3d (West), Fed. R. Serv. 2d (Callaghan), Fed.R.Serv.2d (Callaghan), Fed.R.Serv.3d, Fed.R.Serv.2d, Fed. R. Serv. 3d (West)",,
Gilm.,"Illinois Reports, Gilman",,state,Gilm.,,,,,,1844-01-01T00:00:00,,,,,,1849-12-31T00:00:00,,,,,,us:il;supreme.court,"Gilm.(Ill.), Gilman, Ill.(Gilm.)",,
Fed. Cl.,United States Claims Court Reporter,,specialty,Fed. Cl.,,,,,,1992-01-01T00:00:00,,,,,,,,,,,,us:c;court.federal.claims,Fed.Cl.,,
Hen. & M.,"Virginia Reports, Hening & Munford",,state,Hen. & M.,,,,,,1806-01-01T00:00:00,,,,,,1810-12-31T00:00:00,,,,,,us:va;supreme.court,"H.& M.(Va.), H.& M., Va.(Hen.& M.), Hen.& Mun.",,
Bush,"Kentucky Reports, Bush",,state,Bush,,,,,,1866-01-01T00:00:00,,,,,,1879-12-31T00:00:00,,,,,,us:ky;supreme.court,"Ky.(Bush), Bush (Ky.)",,
Nev. Adv. Op. No.,Nevada Advanced Opinion,,state,Nev. Adv. Op. No.,,,,,,1750-01-01T00:00:00,,,,,,,,,,,,us:nv;supreme.court,,,
N.Y. Sup. Ct.,Supreme Court Reports,,state,N.Y. Sup. Ct.,,,,,,1873-01-01T00:00:00,,,,,,1896-12-31T00:00:00,,,,,,us:ny;court.appeals,"N.Y.Supr.Ct., N.Y.Suprm.Ct.",,
N. Mar. I. Commw. Rptr.,Northern Mariana Islands Commonwealth Reporter,,state,N. Mar. I. Commw. Rptr.,,,,,,1979-01-01T00:00:00,,,,,,,,,,,,us:c9:mp.d;district.court,,,
Gratt.,"Virginia Reports, Grattan",,state,Gratt.,,,,,,1844-01-01T00:00:00,,,,,,1880-12-31T00:00:00,,,,,,us:va;supreme.court,"Gratt.(Va.), Va.(Gratt.)",,
Mich.,Michigan Reports,,state,Mich.,,,,,,1847-01-01T00:00:00,,,,,,,,,,,,us:mi;supreme.court,Mich,,
Gild.,Gildersleeve Reports,,state,Gild.,,,,,,1883-01-01T00:00:00,,,,,,1889-12-31T00:00:00,,,,,,us:nm;supreme.court,"N.M.(G.), Gildr., N.M.(Gild.), Gildersleeve",,
Ill.,Illinois Reports,,state,Ill.,Ill. 2d,,,,,1849-01-01T00:00:00,1849-01-01T00:00:00,,,,,,,,,,,us:il;supreme.court,Ill.2d,,
N.D.,North Dakota Reports,,state,N.D.,,,,,,1890-01-01T00:00:00,,,,,,1953-12-31T00:00:00,,,,,,us:nd;supreme.court,,,
Ohio Dec.,Ohio Decisions,,state,Ohio Dec.,,,,,,1894-01-01T00:00:00,,,,,,1920-12-31T00:00:00,,,,,,us:oh;supreme.court,"Oh.Dec., O.D.",,
Cust. Ct.,Customs Court Reports,,federal,Cust. Ct.,,,,,,1938-01-01T00:00:00,,,,,,1980-12-31T00:00:00,,,,,,us:c;customs.court,,,
Litt.,"Kentucky Reports, Littell",,state,Litt.,,,,,,1822-01-01T00:00:00,,,,,,1824-12-31T00:00:00,,,,,,us:ky;supreme.court,"Ky.(Litt.), Lit., Litt.(Ky.), Littell",,
Morris,"Iowa Reports, Morris",,state,Morris,,,,,,1839-01-01T00:00:00,,,,,,1846-12-31T00:00:00,,,,,,us:ia;supreme.court,"Morr., Mor.Ia.",,
VT,Vermont Neutral Citation,,neutral,VT,,,,,,1750-01-01T00:00:00,,,,,,,,,,,,us:vt;supreme.court,,,
OK CIV APP,Oklahoma Neutral Citation (Civic Appeals),,neutral,OK CIV APP,,,,,,1750-01-01T00:00:00,,,,,,,,,,,,us:ok;court.civil.appeals,,,
Root,Root's Connecticut Reports,,state,Root,,,,,,1789-01-01T00:00:00,,,,,,1798-12-31T00:00:00,,,,,,us:ct;supreme.court,,,
Kan. App.,Kansas Court of Appeals Reports,,state,Kan. App.,Kan. App. 2d,,,,,1895-01-01T00:00:00,1977-01-01T00:00:00,,,,,1901-12-31T00:00:00,,,,,,us:ks;supreme.court,"Kan.App., Kan. App.2d, Kan.App.2d, Kan.App. 2d, Kans.App.",,
Houston,"Delaware Reports, Houston",,state,Houston,,,,,,1855-01-01T00:00:00,,,,,,1893-12-31T00:00:00,,,,,,us:de;supreme.court,Houston Criminal,http://www.worldcat.org/oclc/60796628,
Conn. L. Rptr.,Connecticut Law Reporter,,state,Conn. L. Rptr.,,,,,,1990-01-01T00:00:00,,,,,,,,,,,,us:ct;supreme.court,CLR,,
Hilles' Notebook,Hilles Notebook,,specialty,Hilles' Notebook,,,,,,1792-01-01T00:00:00,,,,,,1830-12-31T00:00:00,,,,,,us:de;,,,"Dates are rough, but wide, estimated from a series called Delaware Cases, which had these dates. See: http://www.worldcat.org/oclc/2882722"
N.M.,New Mexico Reports,,state,N.M.,,,,,,1852-01-01T00:00:00,,,,,,,,,,,,us:nm;supreme.court,,,
S.E.,South Eastern Reporter,,state_regional,S.E.,S.E.2d,,,,,1887-01-01T00:00:00,1939-01-01T00:00:00,,,,,1939-12-31T00:00:00,,,,,,"us:ga;supreme.court, us:nc;supreme.court, us:sc;supreme.court, us:va;supreme.court, us:wv;supreme.court","S. E.2d, S.E. 2d, S. E. 2d, SE 2d, S. E., SE",,
Mass.,Massachusetts Reports,,state,Mass.,,,,,,1867-01-01T00:00:00,,,,,,,,,,,,us:ma;appeals.court,"Mas., Ma.",,
B.T.A.M. (P-H),Board of Tax Appeals Memorandum Decisions,,specialty,B.T.A.M. (P-H),,,,,,1928-01-01T00:00:00,,,,,,1942-12-31T00:00:00,,,,,,us:c;tax.court,,,
NMSC,New Mexico Neutral Citation (Supreme Court),,neutral,NMSC,,,,,,1750-01-01T00:00:00,,,,,,,,,,,,us:nm;supreme.court,,,
Dev. & Bat.,"North Carolina Reports, Devereux & Battle's Law",,state,Dev. & Bat.,,,,,,1834-01-01T00:00:00,,,,,,1839-12-31T00:00:00,,,,,,us:nc;supreme.court,"N.C.(Dev.& Bat.), Dev.& B.L., Dev.& B., D.& B.",,
Speers,"South Carolina Reports, Speers",,state,Speers,,,,,,1842-01-01T00:00:00,,,,,,1844-12-31T00:00:00,,,,,,us:sc;supreme.court,"Speers L.(S.C.), S.C.L.(Speers), Spears, Sp.",,
U.S.P.Q. (BNA),The United States Patents Quarterly,,specialty,U.S.P.Q. (BNA),U.S.P.Q. 2d (BNA),,,,,1913-01-01T00:00:00,1987-01-01T00:00:00,,,,,1987-12-31T00:00:00,,,,,,,"USPQ, USPQ 2d (BNA), USPQ (BNA), USPQ 2d",http://www.bna.com/iprc_uspq/,
Edm. Sel. Cas.,Edmond's Select Cases,,state,Edm. Sel. Cas.,,,,,,1834-01-01T00:00:00,,,,,,1853-12-31T00:00:00,,,,,,us:ny;court.appeals,"Edmond, Edm.Sel.Ca., Edm.Sel.Cas.(N.Y.)",,
Ohio Dec. Reprint,"Ohio Decisions, Reprint",,state,Ohio Dec. Reprint,,,,,,1840-01-01T00:00:00,,,,,,1873-12-31T00:00:00,,,,,,us:oh;supreme.court,"Oh.Dec.(Reprint), O.Dec.Rep.",,
Minn.,Minnesota Reports,,state,Minn.,,,,,,1851-01-01T00:00:00,,,,,,1977-12-31T00:00:00,,,,,,us:mn;supreme.court,Min.,,
Win.,"North Carolina Reports, Winston",,state,Win.,,,,,,1863-01-01T00:00:00,,,,,,1864-12-31T00:00:00,,,,,,us:nc;supreme.court,,,
Pa. C.,Pennsylvania County Court Reports,,state,Pa. C.,,,,,,1870-01-01T00:00:00,,,,,,1921-12-31T00:00:00,,,,,,us:pa;supreme.court,"Pa.County Ct., Penn.Co.Ct.Rep., Pa. Co. Ct., Pa.Co.Ct., Pa.C.C., Pa.Co.Ct.R., P.C.R.",,
Gill,"Maryland Reports, Gill",,state,Gill,,,,,,1843-01-01T00:00:00,,,,,,1851-12-31T00:00:00,,,,,,us:md;court.appeals,,,
Mich. Ct. Cl.,Michigan Court of Claims Reports,,state,Mich. Ct. Cl.,,,,,,1938-01-01T00:00:00,,,,,,1942-12-31T00:00:00,,,,,,us:mi;supreme.court,,,
NMCERT,New Mexico Neutral Citation,,neutral,NMCERT,,,,,,1750-01-01T00:00:00,,,,,,,,,,,,us:nm;supreme.court,,,
C.M.R.,Court Martial Records,,specialty,C.M.R.,,,,,,1951-01-01T00:00:00,,,,,,1975-12-31T00:00:00,,,,,,us:c;courts.martial,,,
Bibb,"Kentucky Reports, Bibb",,state,Bibb,,,,,,1808-01-01T00:00:00,,,,,,1817-12-31T00:00:00,,,,,,us:ky;supreme.court,"Bibb(Ky.), Ky.(Bibb)",,
Ant. N.P. Cas.,Anthon's Nisi Prius Cases,,state,Ant. N.P. Cas.,,,,,,1807-01-01T00:00:00,,,,,,1851-12-31T00:00:00,,,,,,us:ny;court.appeals,"Anth., Anthon N.P.(N.Y.)",,
A.F.T.R. (RIA),American Federal Tax Reports,,specialty,A.F.T.R.2d (RIA),A.F.T.R. (RIA),,,,,1750-01-01T00:00:00,1750-01-01T00:00:00,,,,,,,,,,,,"A.F.T.R., A.F.T.R. 2d, A.F.T.R.2d, A.F.T.R. 2d (RIA)",,
Wash.,"Virginia Reports, Washington",,state,Wash.,,,,,,1790-01-01T00:00:00,,,,,,1796-12-31T00:00:00,,,,,,us:va;supreme.court,"Va.(Wash.), Wash.Va.",,
Wash.,Washington Reports,,state,Wash.,Wash. 2d,,,,,1889-01-01T00:00:00,1889-01-01T00:00:00,,,,,,,,,,,us:wa;supreme.court,"Wa., W., Wn., W.St., Wn. 2d, WASH, Wn, W.2d, Wash.St., Wn.2d, Wa.2d",,
Cal. App. Supp.,"California Appellate Reports, Supplement",,state,Cal. App. Supp.,Cal. App. Supp. 2d,Cal. App. Supp. 3d,,,,1929-01-01T00:00:00,1929-01-01T00:00:00,1929-01-01T00:00:00,,,,,,,,,,us:ca;supreme.court,"Cal.App.3d Supp., Cal.App. Supp. 3d, Cal.App.Supp.2d, Cal.App. Supp. 2d, Cal.App. Supp.2d, Cal.App. Supp.3d, Cal.App. 3d Supp., Cal.App.2d Supp., Cal.App. 2d Supp., Cal.App.Supp.",,
Miss.,Mississippi Reports,,state,Miss.,,,,,,1851-01-01T00:00:00,,,,,,1966-12-31T00:00:00,,,,,,us:ms;supreme.court,Mis.,,
Pin.,"Wisconsin Reports, Pinney",,state,Pin.,,,,,,1839-01-01T00:00:00,,,,,,1852-12-31T00:00:00,,,,,,us:wi;supreme.court,Pinn.,,
Pet.,Peters' Supreme Court Reports,,scotus_early,Pet.,,,,,,1828-01-01T00:00:00,,,,,,1842-12-31T00:00:00,,,,,,us;supreme.court,"Pet.S.C., U.S.(Pet.), Peters",,
Conn. Cir. Ct.,Connecticut Circuit Court Reports,,state,Conn. Cir. Ct.,,,,,,1961-01-01T00:00:00,,,,,,1974-12-31T00:00:00,,,,,,us:ct;supreme.court,Conn. Cir. Ct,,
Ga. App.,Georgia Appeals Reports,,state,Ga. App.,,,,,,1907-01-01T00:00:00,,,,,,,,,,,,us:ga;supreme.court,,,
S.W.,South Western Reporter,,state_regional,S.W.2d,S.W.3d,S.W.,,,,1928-01-01T00:00:00,1999-01-01T00:00:00,1886-01-01T00:00:00,,,,1999-12-31T00:00:00,,1928-12-31T00:00:00,,,,"us:ar;supreme.court, us:ky;supreme.court, us:mo;supreme.court, us:tn;supreme.court, us:tx;supreme.court","S. W. 2d, S. W.3d, S.W. 3d, S. W., SW 2d, SW 3d, SW2D, SW3D, SW, S. W. 3d, SW2d, SW3d, S. W.2d, S.W. 2d",,
Mich. App.,Michigan Appeals Reports,,state,Mich. App.,,,,,,1965-01-01T00:00:00,,,,,,,,,,,,us:mi;supreme.court,Mich App,,
OK,Oklahoma Neutral Citation,,neutral,OK,,,,,,1750-01-01T00:00:00,,,,,,,,,,,,us:ok;supreme.court,,,
OH,Ohio Neutral Citation,,neutral,OH,,,,,,1750-01-01T00:00:00,,,,,,,,,,,,us:oh;supreme.court,Ohio,,
Guam,Guam Reports,,state,Guam,,,,,,1955-01-01T00:00:00,,,,,,,,,,,,us:c9:gu.d;district.court,,,
Litt. Sel. Cas.,"Kentucky Reports, Littell's Selected Cases",,state,Litt. Sel. Cas.,,,,,,1795-01-01T00:00:00,,,,,,1821-12-31T00:00:00,,,,,,us:ky;supreme.court,"Lit.Sel.Ca., Ky.(Lit.Sel.Cas.)",,
Ga.,Georgia Reports,,state,Ga.,,,,,,1846-01-01T00:00:00,,,,,,,,,,,,us:ga;supreme.court,,,
UT App,Utah Neutral Citation,,neutral,UT App,,,,,,1750-01-01T00:00:00,,,,,,,,,,,,us:ut;court.appeals,,,
T.C.,Reports of the United States Tax Court,,specialty,T.C.,,,,,,1942-01-01T00:00:00,,,,,,,,,,,,us:c;tax.court,"T. C., T.Ct., T.Ct",,
Dakota,Dakota Reports,,state,Dakota,,,,,,1867-01-01T00:00:00,,,,,,1889-12-31T00:00:00,,,,,,us:nd;supreme.court,Dak.,,
Hoff. Ch.,Hoffman's Chancery Reports,,state,Hoff. Ch.,,,,,,1838-01-01T00:00:00,,,,,,1840-12-31T00:00:00,,,,,,us:ny;court.appeals,"Hoffm., Hoffm.Ch.(N.Y.), Hoff.Cha., Hoff., Hoff.N.Y.",,
Ohio App.,Ohio Appellate Reports,,state,Ohio App. 2d,Ohio App.,Ohio App. 3d,,,,1913-01-01T00:00:00,1913-01-01T00:00:00,1913-01-01T00:00:00,,,,,,,,,,us:oh;supreme.court,"Oh.A., O. App., O.A.R. 3d, O.App.2d, Oh.A.2d, Oh. App. 3d, Oh.A.3d, O. App. 3d, Oh. A., Oh. A. 3d, Oh. App. 2d, O.A.R.2d, Oh.App.3d, Ohio App.3d, App., O.A.R. 2d, O.App.3d, Oh.App.2d, O. App. 2d, O.App., Oh. A. 2d, Ohio App.2d, O.A.R.3d, O.A.R., Oh. App., Oh.App.",,
B.R.,Bankruptcy Reporter,,specialty,B.R.,,,,,,1979-01-01T00:00:00,,,,,,,,,,,,"us:c0:dc.d;bankruptcy.court, us:c10:co.d;bankruptcy.court, us:c10:ks.d;bankruptcy.court, us:c10:nm.d;bankruptcy.court, us:c10:ok.ed;bankruptcy.court, us:c10:ok.nd;bankruptcy.court, us:c10:ok.wd;bankruptcy.court, us:c10:ut.d;bankruptcy.court, us:c10:wy.d;bankruptcy.court, us:c10;bankruptcy.appellate.panel, us:c11:al.md;bankruptcy.court, us:c11:al.nd;bankruptcy.court, us:c11:al.sd;bankruptcy.court, us:c11:fl.md;bankruptcy.court, us:c11:fl.nd;bankruptcy.court, us:c11:fl.sd;bankruptcy.court, us:c11:ga.md;bankruptcy.court, us:c11:ga.nd;bankruptcy.court, us:c11:ga.sd;bankruptcy.court, us:c1:ma.d;bankruptcy.court, us:c1:me.d;bankruptcy.appellate.panel, us:c1:me.d;bankruptcy.court, us:c1:nh.d;bankruptcy.court, us:c1:pr.d;bankruptcy.court, us:c1:ri.d;bankruptcy.court, us:c1;bankruptcy.appellate.panel, us:c2:ct.d;bankruptcy.court, us:c2:ny.ed;bankruptcy.court, us:c2:ny.nd;bankruptcy.court, us:c2:ny.sd;bankruptcy.court, us:c2:ny.wd;bankruptcy.court, us:c2:vt.d;bankruptcy.court, us:c2;bankruptcy.appellate.panel, us:c3:de.d;bankruptcy.court, us:c3:nj.d;bankruptcy.court, us:c3:pa.ed;bankruptcy.court, us:c3:pa.md;bankruptcy.court, us:c3:pa.wd;bankruptcy.court, us:c3:vi.d;bankruptcy.court, us:c4:md.d;bankruptcy.court, us:c4:nc.ed;bankruptcy.court, us:c4:nc.md;bankruptcy.court, us:c4:nc.wd;bankruptcy.court, us:c4:sc.d;bankruptcy.court, us:c4:va.ed;bankruptcy.court, us:c4:va.wd;bankruptcy.court, us:c4:wv.nd;bankruptcy.court, us:c4:wv.sd;bankruptcy.court, us:c5:la.ed;bankruptcy.court, us:c5:la.md;bankruptcy.court, us:c5:la.wd;bankruptcy.court, us:c5:ms.nd;bankruptcy.court, us:c5:ms.sd;bankruptcy.court, us:c5:tx.ed;bankruptcy.court, us:c5:tx.nd;bankruptcy.court, us:c5:tx.sd;bankruptcy.court, us:c5:tx.wd;bankruptcy.court, us:c6:ky.ed;bankruptcy.court, us:c6:ky.wd;bankruptcy.court, us:c6:mi.ed;bankruptcy.court, us:c6:mi.wd;bankruptcy.court, us:c6:oh.nd;bankruptcy.court, us:c6:oh.sd;bankruptcy.court, us:c6:tn.d;bankruptcy.court, us:c6:tn.ed;bankruptcy.court, us:c6:tn.md;bankruptcy.court, us:c6:tn.wd;bankruptcy.court, us:c6;bankruptcy.appellate.panel, us:c7:il.cd;bankruptcy.court, us:c7:il.nd;bankruptcy.court, us:c7:il.sd;bankruptcy.court, us:c7:in.nd;bankruptcy.court, us:c7:in.sd;bankruptcy.court, us:c7:wi.ed;bankruptcy.court, us:c7:wi.wd;bankruptcy.court, us:c8:ar.ed;bankruptcy.court, us:c8:ar.wd;bankruptcy.court, us:c8:ia.nd;bankruptcy.court, us:c8:ia.sd;bankruptcy.court, us:c8:mn.d;bankruptcy.court, us:c8:mo.ed;bankruptcy.court, us:c8:mo.wd;bankruptcy.court, us:c8:nd.d;bankruptcy.court, us:c8:ne.d;bankruptcy.court, us:c8:sd.d;bankruptcy.court, us:c8;bankruptcy.appellate.panel, us:c9:ak.d;bankruptcy.court, us:c9:az.d;bankruptcy.court, us:c9:ca.cd;bankruptcy.court, us:c9:ca.ed;bankruptcy.court, us:c9:ca.nd;bankruptcy.court, us:c9:ca.sd;bankruptcy.court, us:c9:gu.d;bankruptcy.court, us:c9:hi.d;bankruptcy.court, us:c9:id.d;bankruptcy.court, us:c9:mp.d;bankruptcy.court, us:c9:mt.d;bankruptcy.court, us:c9:nv.d;bankruptcy.court, us:c9:or.d;bankruptcy.court, us:c9:wa.ed;bankruptcy.court, us:c9:wa.wd;bankruptcy.court, us:c9;bankruptcy.appellate.panel","B. R., BR",,
U.S. Dist. LEXIS,LexisNexis U.S. District Court Citation,,specialty_lexis,U.S. Dist. LEXIS,,,,,,1750-01-01T00:00:00,,,,,,,,,,,,"us:c0:dc.d;district.court, us:c10:co.d;district.court, us:c10:ks.d;district.court, us:c10:nm.d;district.court, us:c10:ok.ed;district.court, us:c10:ut.d;district.court, us:c10:wy.d;district.court, us:c11:al.md;district.court, us:c11:fl.md;district.court, us:c11:ga.md;district.court, us:c1:ma.d;district.court, us:c1:me.d;district.court, us:c1:nh.d;district.court, us:c1:pr.d;district.court, us:c1:ri.d;district.court, us:c2:ct.d;district.court, us:c2:ny.ed;district.court, us:c2:vt.d;district.court, us:c3:de.d;district.court, us:c3:nj.d;district.court, us:c3:pa.d;district.court, us:c3:vi.d;district.court, us:c4:md.d;district.court, us:c4:nc.ed;district.court, us:c4:sc.d;district.court, us:c4:sc.ed;district.court, us:c4:sc.wd;district.court, us:c4:va.ed;district.court, us:c4:wv.nd;district.court, us:c5:la.ed;district.court, us:c5:ms.nd;district.court, us:c5:pz.d;district.court, us:c5:tx.ed;district.court, us:c6:ky.ed;district.court, us:c6:mi.ed;district.court, us:c6:oh.d;district.court, us:c6:tn.d;district.court, us:c7:il.cd;district.court, us:c7:in.d;district.court, us:c7:wi.ed;district.court, us:c8:ar.ed;district.court, us:c8:ia.nd;district.court, us:c8:mn.d;district.court, us:c8:mo.cd;district.court, us:c8:nd.d;district.court, us:c8:ne.d;district.court, us:c8:sd.d;district.court, us:c9:ak.d;district.court, us:c9:az.d;district.court, us:c9:ca.cd;district.court, us:c9:gu.d;district.court, us:c9:hi.d;district.court, us:c9:id.d;district.court, us:c9:mp.d;district.court, us:c9:mt.d;district.court, us:c9:nv.d;district.court, us:c9:or.d;district.court, us:c9:wa.ed;district.court",,,
Fair Empl. Prac. Cas. (BNA),Fair Employment Practice Cases,,specialty,Fair Empl. Prac. Cas. (BNA),,,,,,1750-01-01T00:00:00,,,,,,,,,,,,,"Fair Empl.Prac.Cas., Fair Empl.Prac.Cas. (BNA)",,
Paige Ch.,Paige's Chancery Reports,,state,Paige Ch.,,,,,,1828-01-01T00:00:00,,,,,,1845-12-31T00:00:00,,,,,,us:ny;court.appeals,"Pai.Ch., Paige, Pai.",,
D. Chip.,"Vermont Reports, Chipman, D.",,state,D. Chip.,,,,,,1789-01-01T00:00:00,,,,,,1824-12-31T00:00:00,,,,,,us:vt;supreme.court,"Chip., Chip.(Vt.), D.Chipm., D.Chip.(Vt.), Chip.D.",,
MacArth. & M.,"District of Columbia Reports, MacArthur and Mackey",,state,MacArth. & M.,,,,,,1879-01-01T00:00:00,,,,,,1880-12-31T00:00:00,,,,,,us:dc;court.appeals,"MacAr.& Mackey, MacArthur & M., MacAr.& M., D.C.(MacArth.& M.), MacArth.& M.(Dist.Col.)",,
Brief Times Rptr.,Brief Times Reporter,,state,Brief Times Rptr.,,,,,,1750-01-01T00:00:00,,,,,,,,,,,,us:co;supreme.court,,,
N.J.L.,New Jersey Law Reports,,state,N.J.L.,,,,,,1790-01-01T00:00:00,,,,,,1948-12-31T00:00:00,,,,,,us:nj;supreme.court,N.J.Law,,
Gray,"Massachusetts Reports, Gray",,state,Gray,,,,,,1854-01-01T00:00:00,,,,,,1860-12-31T00:00:00,,,,,,us:ma;appeals.court,"Gray (Mass.), Mass.(Gray)",,
Watts,"Pennsylvania State Reports, Watts",,state,Watts,,,,,,1832-01-01T00:00:00,,,,,,1840-12-31T00:00:00,,,,,,us:pa;supreme.court,"Wa., Watts(Pa.)",,
OK CR,Oklahoma Neutral Citation (Criminal),,neutral,OK CR,,,,,,1750-01-01T00:00:00,,,,,,,,,,,,us:ok;court.criminal.appeals,,,
N.Y. Ch. Ann.,New York Chancery Reports Annotated,,state,N.Y. Ch. Ann.,,,,,,1814-01-01T00:00:00,,,,,,1847-12-31T00:00:00,,,,,,us:ny;court.appeals,N.Y.Ch.R.Ann.,,
Harp. Eq.,"South Carolina Reports, Harper's Equity",,state,Harp. Eq.,,,,,,1824-01-01T00:00:00,,,,,,1824-12-31T00:00:00,,,,,,us:sc;supreme.court,"Harper, Harp., Harp.Eq.(S.C.), S.C.Eq.(Harp.Eq.)",,
Mackey,"District of Columbia Reports, Mackey",,state,Mackey,,,,,,1863-01-01T00:00:00,,,,,,1892-12-31T00:00:00,,,,,,us:dc;court.appeals,D.C.(Mackey),,
M.J.,Military Justice Reporter,,specialty,M.J.,,,,,,1975-01-01T00:00:00,,,,,,,,,,,,us:c;court.appeals.armed.forces,M. J.,,
Taylor,Taylor's North Carolina Term Reports,,state,Taylor,,,,,,1816-01-01T00:00:00,,,,,,1818-12-31T00:00:00,,,,,,us:nc;supreme.court,"N.C.Term.Rep., N.C.T.Rep., N.C.Term.R., N.C.(Taylor)",,
Leigh,"Virginia Reports, Leigh",,state,Leigh,,,,,,1829-01-01T00:00:00,,,,,,1842-12-31T00:00:00,,,,,,us:va;supreme.court,"Va.(Leigh), Leigh (Va.)",,
UT,Utah Neutral Citation,,neutral,UT,,,,,,1750-01-01T00:00:00,,,,,,,,,,,,us:ut;supreme.court,,,
Me.,Maine Reports,,state,Me.,,,,,,1820-01-01T00:00:00,,,,,,1965-12-31T00:00:00,,,,,,us:me;supreme.judicial.court,"Mai., Maine",,
Rice Eq.,"South Carolina Reports, Rice's Equity",,state,Rice Eq.,,,,,,1838-01-01T00:00:00,,,,,,1839-12-31T00:00:00,,,,,,us:sc;supreme.court,"Rice Ch., S.C.Eq.(Rice.Eq.)",,
Tex. Ct. App.,Texas Court of Appeals Reports,,state,Tex. Ct. App.,,,,,,1876-01-01T00:00:00,,,,,,1891-12-31T00:00:00,,,,,,us:tx;supreme.court,Tex.Ct.App.R.,,
Stew.,"Alabama Reports, Stewart",,state,Stew.,,,,,,1827-01-01T00:00:00,,,,,,1831-12-31T00:00:00,,,,,,us:al;supreme.court,Stewart,,
Ill. Dec.,West's Illinois Decisions,,state,Ill. Dec.,,,,,,1976-01-01T00:00:00,,,,,,,,,,,,us:il;supreme.court,"Ill.Dec., Ill.Decs.",,
Robards,Synopses of the Decisions of the Supreme Court of Texas Arising from Restraints by Conscript and Other Military Authorities (Robards),,state,Robards,,,,,,1862-01-01T00:00:00,,,,,,1865-12-31T00:00:00,,,,,,us:tx;supreme.court,"Rob.Cons.Cas.(Tex.), Rob., Rob.Consc.Cas., Robard",,
Meigs,"Tennessee Reports, Meigs",,state,Meigs,,,,,,1838-01-01T00:00:00,,,,,,1839-12-31T00:00:00,,,,,,us:tn;supreme.court,Tenn.(Meigs),,
Hawks,"North Carolina Reports, Hawks",,state,Hawks,,,,,,1820-01-01T00:00:00,,,,,,1826-12-31T00:00:00,,,,,,us:nc;supreme.court,"N.C.(Hawks), Hawks(N.C.)",,
A.L.R.,American Law Reports,Thompson Reuters,specialty,A.L.R. 3d,A.L.R. 2d,A.L.R. 5th,A.L.R. 6th,A.L.R.,A.L.R. 4th,1750-01-01T00:00:00,1750-01-01T00:00:00,1750-01-01T00:00:00,1750-01-01T00:00:00,1750-01-01T00:00:00,1750-01-01T00:00:00,,,,,,,,"A.L.R.5th, ALR 6th, ALR 2d, ALR 3d, A.L.R.2d, A.L.R.4th, A.L.R.3d, ALR 4th, ALR 5th, ALR, A.L.R.6th",http://legalsolutions.thomsonreuters.com/law-products/westlaw-legal-research/litigator/alr,
Mass. App. Div.,Reports of Massachusetts Appellate Division,,state,Mass. App. Div.,,,,,,1936-01-01T00:00:00,,,,,,,,,,,,us:ma;appeals.court,,,
Dallam,Digest of the Laws of Texas (Dallam's Opinions),,state,Dallam,,,,,,1840-01-01T00:00:00,,,,,,1844-12-31T00:00:00,,,,,,us:tx;supreme.court,"Dallam Dig.(Tex.), Dall.Dig., Dall.(Tex.)",,
How.,Howard's Supreme Court Reports,,scotus_early,How.,,,,,,1843-01-01T00:00:00,,,,,,1860-12-31T00:00:00,,,,,,us;supreme.court,U.S.(How.),,
AZ,Arizona Neutral Citation,,neutral,AZ,,,,,,1750-01-01T00:00:00,,,,,,,,,,,,us:az;supreme.court,,,
NM,New Mexico Neutral Citation,,neutral,NM,,,,,,1852-01-01T00:00:00,,,,,,,,,,,,us:nm;supreme.court,,,
Walk.,"Pennsylvania State Reports, Walker",,state,Walk.,,,,,,1855-01-01T00:00:00,,,,,,1885-12-31T00:00:00,,,,,,us:pa;supreme.court,"Walker, Walk.Pa.",,
ND,North Dakota Neutral Citation,,neutral,ND,,,,,,1750-01-01T00:00:00,,,,,,,,,,,,us:nd;supreme.court,,,
Johns. Ch.,Johnsons' Chancery Reports,,state,Johns. Ch.,,,,,,1814-01-01T00:00:00,,,,,,1823-12-31T00:00:00,,,,,,us:ny;court.appeals,"Johns., Johns.Rep., Johnson, Johns.(N.Y.), Johns.Ch.Cas., J.Ch., Johns.Ch.(N.Y.)",,
Tyng,"Massachusetts Reports, Tyng",,state,Tyng,,,,,,1806-01-01T00:00:00,,,,,,1822-12-31T00:00:00,,,,,,us:ma;appeals.court,Mass.(Tyng),,
Wash. App.,Washington Appellate Reports,,state,Wash. App.,,,,,,1969-01-01T00:00:00,,,,,,,,,,,,us:wa;supreme.court,"W.App., Wn. App., Wn.App., Wa.A.",,
Cooke,"Tennessee Reports, Cooke",,state,Cooke,,,,,,1811-01-01T00:00:00,,,,,,1814-12-31T00:00:00,,,,,,us:tn;supreme.court,"Tenn.(Cooke), Cooke (Tenn.)",,
McCord Eq.,"South Carolina Reports, McCord's Chancery",,state,McCord Eq.,,,,,,1825-01-01T00:00:00,,,,,,1827-12-31T00:00:00,,,,,,us:sc;supreme.court,"S.C.L.(McCord Eq.), McCord Ch.",,
F.R.D.,Federal Rules Decisions,,specialty,F.R.D.,,,,,,2001-01-01T00:00:00,,,,,,,,,,,,"us:c0:dc.d;district.court, us:c10:co.d;district.court, us:c10:ks.d;district.court, us:c10:nm.d;district.court, us:c10:ok.ed;district.court, us:c10:ok.nd;district.court, us:c10:ok.wd;district.court, us:c10:ut.d;district.court, us:c10:wy.d;district.court, us:c11:al.md;district.court, us:c11:al.nd;district.court, us:c11:al.sd;district.court, us:c11:fl.md;district.court, us:c11:fl.nd;district.court, us:c11:fl.sd;district.court, us:c11:ga.md;district.court, us:c11:ga.nd;district.court, us:c11:ga.sd;district.court, us:c1:ma.d;district.court, us:c1:me.d;district.court, us:c1:nh.d;district.court, us:c1:pr.d;district.court, us:c1:ri.d;district.court, us:c2:ct.d;district.court, us:c2:ny.ed;district.court, us:c2:ny.nd;district.court, us:c2:ny.sd;district.court, us:c2:ny.wd;district.court, us:c2:vt.d;district.court, us:c3:de.d;district.court, us:c3:nj.d;district.court, us:c3:pa.d;district.court, us:c3:pa.ed;district.court, us:c3:pa.md;district.court, us:c3:pa.wd;district.court, us:c3:vi.d;district.court, us:c4:md.d;district.court, us:c4:nc.ed;district.court, us:c4:nc.md;district.court, us:c4:nc.wd;district.court, us:c4:sc.d;district.court, us:c4:sc.ed;district.court, us:c4:sc.wd;district.court, us:c4:va.ed;district.court, us:c4:va.wd;district.court, us:c4:wv.nd;district.court, us:c4:wv.sd;district.court, us:c5:la.ed;district.court, us:c5:la.md;district.court, us:c5:la.wd;district.court, us:c5:ms.nd;district.court, us:c5:ms.sd;district.court, us:c5:pz.d;district.court, us:c5:tx.ed;district.court, us:c5:tx.nd;district.court, us:c5:tx.sd;district.court, us:c5:tx.wd;district.court, us:c6:ky.ed;district.court, us:c6:ky.wd;district.court, us:c6:mi.ed;district.court, us:c6:mi.wd;district.court, us:c6:oh.d;district.court, us:c6:oh.nd;district.court, us:c6:oh.sd;district.court, us:c6:tn.d;district.court, us:c6:tn.ed;district.court, us:c6:tn.md;district.court, us:c6:tn.wd;district.court, us:c7:il.cd;district.court, us:c7:il.d;district.court, us:c7:il.ed;district.court, us:c7:il.nd;district.court, us:c7:il.sd;district.court, us:c7:in.d;district.court, us:c7:in.nd;district.court, us:c7:in.sd;district.court, us:c7:wi.ed;district.court, us:c7:wi.wd;district.court, us:c8:ar.ed;district.court, us:c8:ar.wd;district.court, us:c8:ia.nd;district.court, us:c8:ia.sd;district.court, us:c8:mn.d;district.court, us:c8:mo.cd;district.court, us:c8:mo.ed;district.court, us:c8:mo.sd;district.court, us:c8:mo.wd;district.court, us:c8:nd.d;district.court, us:c8:ne.d;district.court, us:c8:sd.d;district.court, us:c9:ak.d;district.court, us:c9:az.d;district.court, us:c9:ca.cd;district.court, us:c9:ca.d;district.court, us:c9:ca.ed;district.court, us:c9:ca.nd;district.court, us:c9:ca.sd;district.court, us:c9:gu.d;district.court, us:c9:hi.d;district.court, us:c9:id.d;district.court, us:c9:mp.d;district.court, us:c9:mt.d;district.court, us:c9:nv.d;district.court, us:c9:or.d;district.court, us:c9:wa.ed;district.court, us:c9:wa.wd;district.court",,,
Tuck. & Cl.,"District of Columbia Reports, Tucker and Clephane",,state,Tuck. & Cl.,,,,,,1892-01-01T00:00:00,,,,,,1893-12-31T00:00:00,,,,,,us:dc;court.appeals,"D.C.(Tuck.& Cl.), Tuck., Tuck.& C.",,
Cush.,"Massachusetts Reports, Cushing",,state,Cush.,,,,,,1848-01-01T00:00:00,,,,,,1853-12-31T00:00:00,,,,,,us:ma;appeals.court,"Mass.(Cush.), Cushing, Cush.(Mass.)",,
Marvel,"Delaware Reports, Marvel",,state,Marvel,,,,,,1893-01-01T00:00:00,,,,,,1897-12-31T00:00:00,,,,,,us:de;supreme.court,,,
Wage & Hour Cas. (BNA),Wage and Hour Cases,,specialty,Wage & Hour Cas. (BNA),,,,,,1750-01-01T00:00:00,,,,,,,,,,,,,Wage & Hour Cas.,,
C.C.P.A.,Court of Customs and Patent Appeals Reports,,specialty,C.C.P.A.,,,,,,1929-01-01T00:00:00,,,,,,1982-12-31T00:00:00,,,,,,us:c;court.customs.patent.appeals,,,
F. App'x,Federal Appendix,,federal,F. App'x,,,,,,2001-01-01T00:00:00,,,,,,,,,,,,"us:c10;court.appeals, us:c11;court.appeals, us:c1;court.appeals, us:c2;court.appeals, us:c3;court.appeals, us:c4;court.appeals, us:c5;court.appeals, us:c6;court.appeals, us:c7;court.appeals, us:c8;court.appeals, us:c9;court.appeals",,,
Wilson's Red Book,Wilson's Red Book,,specialty,Wilson's Red Book,,,,,,1792-01-01T00:00:00,,,,,,1830-12-31T00:00:00,,,,,,us:de;,,,"Dates are rough, but wide, estimated from a series called Delaware Cases, which had these dates. See: http://www.worldcat.org/oclc/2882722"
Adv. S.,Mississippi Reporter Advance Sheets,Mississippi Reporter Company,state,Adv. S.,,,,,,1750-01-01T00:00:00,,,,,,,,,,,,us:ms;supreme.court,Adv.S.,,"After making several calls to libraries in Mississippi, it seems nobody knows what this reporter is or was. It seems to have been popular in the 50's, and appears to be the advance sheets for the Mississippi Reports. After speaking with one diligent librarian, we discovered that the physical volumes of the Mississippi Reporter listed these citations as alternate citations, but that the Southern Reporter did not. This aligns with results that we find in CourtListener, which seem to skew strongly towards cases only in Mississippi. The fact that no library in Mississippi seems to have this reporter also indicates that it only contained Advance Sheets, but what's strange is, why bother making a real reporter if your advance sheets are organized enough to have citations and everything, as opposed to the norm of having monthly or weekly editions. Strange stuff, this."
Ohio,Ohio Reports,,state,Ohio,,,,,,1821-01-01T00:00:00,,,,,,1851-12-31T00:00:00,,,,,,us:oh;supreme.court,,,
Am. Samoa,American Samoa Reports,,state,Am. Samoa,Am. Samoa 2d,,,,,1900-01-01T00:00:00,1900-01-01T00:00:00,,,,,,,,,,,us:as;high.court,,,
McMul.,"South Carolina Reports, McMullen",,state,McMul.,,,,,,1840-01-01T00:00:00,,,,,,1842-12-31T00:00:00,,,,,,us:sc;supreme.court,"McMul.L.(S.C.), S.C.L.(McMul.)",,
A.M.C.,American Maritime Cases,,specialty,A.M.C.,,,,,,1923-01-01T00:00:00,,,,,,,,,,,,,AMC,,
Tex. L. Rev.,Texas Law Review,,state,Tex. L. Rev.,,,,,,1845-01-01T00:00:00,,,,,,1846-12-31T00:00:00,,,,,,us:tx;supreme.court,Texas L.Rev.,,
Op. Att'y Gen.,Official Opinions of the Attorneys General of the United States,,federal,Op. Att'y Gen.,,,,,,1791-01-01T00:00:00,,,,,,1982-12-31T00:00:00,,,,,,,,http://law.wisc.libguides.com/c.php?g=125247&p=820190,
Or. App.,"Oregon Reports, Court of Appeals",,state,Or. App.,,,,,,1969-01-01T00:00:00,,,,,,,,,,,,us:or;supreme.court,Or.A.,,
Gilmer,"Virginia Reports, Gilmer",,state,Gilmer,,,,,,1820-01-01T00:00:00,,,,,,1821-12-31T00:00:00,,,,,,us:va;supreme.court,"Gilmer (Va.), Gil., Gilm., Va.(Gilmer)",,
Neb.,Nebraska Reports,,state,Neb.,,,,,,1860-01-01T00:00:00,,,,,,,,,,,,us:ne;supreme.court,,,
Utah,Utah Reports,,state,Utah,Utah 2d,,,,,1851-01-01T00:00:00,1851-01-01T00:00:00,,,,,1974-12-31T00:00:00,1974-12-31T00:00:00,,,,,us:ut;supreme.court,,,
A.,Atlantic Reporter,,state_regional,A.2d,A.3d,A.,,,,1938-01-01T00:00:00,2010-01-01T00:00:00,1885-01-01T00:00:00,,,,2010-12-31T00:00:00,,1938-12-31T00:00:00,,,,"us:ct;supreme.court, us:dc;court.appeals, us:de;supreme.court, us:md;court.appeals, us:me;supreme.judicial.court, us:nh;supreme.court, us:nj;supreme.court, us:pa;supreme.court, us:ri;supreme.court, us:vt;supreme.court","Atl.2d, At., Atl.R., Atl., A.Rep., A. 3d, A. 2d, A.R.",,
Colo.,Colorado Reports,,state,Colo.,,,,,,1864-01-01T00:00:00,,,,,,1980-12-31T00:00:00,,,,,,us:co;supreme.court,Col.,,
N.L.R.B.,Decisions and Orders of the National Labor Relations Board,,federal,N.L.R.B.,,,,,,1750-01-01T00:00:00,,,,,,,,,,,,,NLRB,,
Chand.,"Wisconsin Reports, Chandler",,state,Chand.,,,,,,1849-01-01T00:00:00,,,,,,1852-12-31T00:00:00,,,,,,us:wi;supreme.court,"Chandl., Chand.(Wis.)",,
Teiss.,"Louisiana Court of Appeals Reports, Teisser",,state,Teiss.,,,,,,1903-01-01T00:00:00,,,,,,1917-12-31T00:00:00,,,,,,us:la;supreme.court,"La.App.(Orleans), Teissier",,
Mass. App. Ct.,Massachusetts Appeals Court Reports,,state,Mass. App. Ct.,,,,,,1972-01-01T00:00:00,,,,,,,,,,,,us:ma;appeals.court,Ma.A.,,
Stew. & P.,"Alabama Reports, Stewart and Porter",,state,Stew. & P.,,,,,,1831-01-01T00:00:00,,,,,,1834-01-01T00:00:00,,,,,,us:al;supreme.court,,,
Speers Eq.,"South Carolina Reports, Speers' Equity",,state,Speers Eq.,,,,,,1842-01-01T00:00:00,,,,,,1844-12-31T00:00:00,,,,,,us:sc;supreme.court,"Spears Eq., Spear Eq., Spear Ch., Sp.Ch., S.C.Eq.(Speers Eq.), Speers Eq.(S.C.), Sp., Speers, Spears",,
Lans.,Lansing's Reports,,state,Lans.,,,,,,1869-01-01T00:00:00,,,,,,1873-12-31T00:00:00,,,,,,us:ny;court.appeals,,,
Pa. D. & C.,Pennsylvania District and County Reports,,state,Pa. D. & C.2d,Pa. D. & C.3d,Pa. D. & C.4th,Pa. D. & C.,,,1921-01-01T00:00:00,1921-01-01T00:00:00,1921-01-01T00:00:00,1921-01-01T00:00:00,,,,,,,,,us:pa;supreme.court,"Pa.Dist.& C.Rep., Pa.Dist.& Co.",,
La.,Louisiana Reports,,state,La.,,,,,,1830-01-01T00:00:00,,,,,,1972-12-31T00:00:00,,,,,,us:la;supreme.court,,,
Hopk. Ch.,Hopkins' Chancery Reports,,state,Hopk. Ch.,,,,,,1823-01-01T00:00:00,,,,,,1826-12-31T00:00:00,,,,,,us:ny;court.appeals,,,
OK JUD ETH,Oklahoma Neutral Citation (Judicial Ethics Advisory Panel),,neutral,OK JUD ETH,,,,,,1750-01-01T00:00:00,,,,,,,,,,,,us:ok;court.ethics,,,
N.E.,North Eastern Reporter,,state_regional,N.E.,N.E.2d,N.E.3d,,,,1884-01-01T00:00:00,1936-01-01T00:00:00,2013-10-24T00:00:00,,,,1936-12-31T00:00:00,2013-10-24T00:00:00,,,,,"us:il;supreme.court, us:in;supreme.court, us:ma;appeals.court, us:ny;court.appeals, us:oh;supreme.court","N.E.Rep., N. E., N.E. 3d, NE, N.E. 2d, NE 2d, No.East Rep., N. E. 2d, N. E.2d, NE 3d, N. E. 3d, N. E.3d",,
Des.,"South Carolina Reports, Desaussure's Equity",,state,Des.,,,,,,1784-01-01T00:00:00,,,,,,1817-12-31T00:00:00,,,,,,us:sc;supreme.court,"Desaus.Eq., Desaus., S.C.Eq.(Des.)",,
Busb.,"North Carolina Reports, Busbee's Law",,state,Busb.,,,,,,1852-01-01T00:00:00,,,,,,1853-12-31T00:00:00,,,,,,us:nc;supreme.court,"N.C.(Busb.), Busb.L.",,
